Workbook

Sheet Read Me
A1: RISE vs Competitors — Watchlist Performance Benchmark
A2: Module Watchlist on OPPO CPH3009. Generated by build_report.py from runs.csv; do not edit by hand.
A4: How to read this workbook
A5: 1. 'Test Setup' shows the phone, network and accounts, from env.csv.
A6: 2. 'Metric Catalogue' lists every metric, the tool, and the exact method (same text as METRICS.md).
A7: 3. Data tabs (1–9) hold every run next to its median, so any figure can be traced to runs.csv and its artifact.
A8: 4. 'Summary' shows medians per app, the best app, RISE's rank and gap per metric.
A9: 5. 'Scorecard' turns everything into one 0–100 score per app and ranks them. Weights come from weights.json.
A10: 6. Blank cells are metrics not yet measured. Metrics that do not apply to this module are left out (see METRICS.md).
A12: Legend
A13: Yellow cell, blue text | B13: Value from runs.csv / env.csv
A14: Black text | B14: Formula
A15: Green text | B15: Pulled from another tab
A16: Blue rows / column | B16: RISE (our app)
A17: Red Variation | B17: Runs differ by more than 20%: redo that row
A19: Tools
A20: Tool | B20: Runs on | C20: Used for | D20: Get it
A21: ADB (Android Platform Tools) | B21: Mac | C21: Launch time, lock contention, RAM, bytes, CPU, battery, crashes | D21: brew install android-platform-tools
A22: scrcpy | B22: Mac | C22: Screen recording to count frames for screen-load and tick timings | D22: brew install scrcpy
A23: ffmpeg | B23: Mac | C23: Wasted-redraw analysis of idle recordings (U5) | D23: brew install ffmpeg
A24: Perfetto (Python package) | B24: Mac | C24: Reads the frame traces bench.py records | D24: pip3 install --user perfetto
A25: bench.py / record.py / preflight.py | B25: Mac | C25: Automates the measured metrics and records the manual ones | D25: In this folder
A26: PCAPdroid | B26: Phone | C26: Connections and domains per app, without root | D26: Play Store
A27: LibChecker | B27: Phone | C27: SDKs, native libraries, framework | D27: Play Store / F-Droid
A28: Exodus Privacy | B28: Web | C28: Trackers and permissions in each Play Store APK | D28: exodus-privacy.eu.org

Sheet Summary
A1: RISE vs Competitors — Watchlist Performance Benchmark
A2: Medians from the data tabs, measured on OPPO CPH3009. Green = best, red = worst in each row. RISE is in the blue column.
A3: Device: | C3: OPPO CPH3009 | D3: ← the phone this module was measured on (one per module; see README on comparing across phones)
A4: RISE is best in: | C4: =COUNTIF(M7:M56,"RISE")&" of "&COUNTIF(O7:O56,">0")&" metrics measured" | H4: Average RISE rank: | J4: =IFERROR(AVERAGE(N7:N56),"–")
A6: ID | B6: Category | C6: Metric | D6: Unit | E6: Better | F6: RISE | G6: Kite | H6: Groww | I6: Angel One | J6: INDmoney | K6: Kotak Neo | L6: SAHI | M6: Best app | N6: RISE rank | O6: Apps measured | P6: RISE gap vs best
A7: ='Metric Catalogue'!A5 | B7: ='Metric Catalogue'!B5 | C7: ='Metric Catalogue'!C5 | D7: ='Metric Catalogue'!D5 | E7: ='Metric Catalogue'!E5 | F7: =IFERROR(INDEX('1 Load & Network'!$L$5:$L$109,MATCH($A7&"|"&F$6&"|"&$C$3,'1 Load & Network'!$F$5:$F$109,0)),"") | G7: =IFERROR(INDEX('1 Load & Network'!$L$5:$L$109,MATCH($A7&"|"&G$6&"|"&$C$3,'1 Load & Network'!$F$5:$F$109,0)),"") | H7: =IFERROR(INDEX('1 Load & Network'!$L$5:$L$109,MATCH($A7&"|"&H$6&"|"&$C$3,'1 Load & Network'!$F$5:$F$109,0)),"") | I7: =IFERROR(INDEX('1 Load & Network'!$L$5:$L$109,MATCH($A7&"|"&I$6&"|"&$C$3,'1 Load & Network'!$F$5:$F$109,0)),"") | J7: =IFERROR(INDEX('1 Load & Network'!$L$5:$L$109,MATCH($A7&"|"&J$6&"|"&$C$3,'1 Load & Network'!$F$5:$F$109,0)),"") | K7: =IFERROR(INDEX('1 Load & Network'!$L$5:$L$109,MATCH($A7&"|"&K$6&"|"&$C$3,'1 Load & Network'!$F$5:$F$109,0)),"") | L7: =IFERROR(INDEX('1 Load & Network'!$L$5:$L$109,MATCH($A7&"|"&L$6&"|"&$C$3,'1 Load & Network'!$F$5:$F$109,0)),"") | M7: =IF(COUNT(F7:L7)=0,"",INDEX($F$6:$L$6,MATCH(IF($E7="Lower",MIN(F7:L7),MAX(F7:L7)),F7:L7,0))) | N7: =IF(OR(F7="",COUNT(F7:L7)=0),"",IF($E7="Lower",COUNTIF(F7:L7,"<"&F7),COUNTIF(F7:L7,">"&F7))+1) | O7: =COUNT(F7:L7) | P7: =IF(OR(F7="",COUNT(F7:L7)<2),"",IF($E7="Lower",IF(MIN(F7:L7)=0,"",(F7-MIN(F7:L7))/MIN(F7:L7)),IF(MAX(F7:L7)=0,"",(MAX(F7:L7)-F7)/MAX(F7:L7))))
A8: ='Metric Catalogue'!A6 | B8: ='Metric Catalogue'!B6 | C8: ='Metric Catalogue'!C6 | D8: ='Metric Catalogue'!D6 | E8: ='Metric Catalogue'!E6 | F8: =IFERROR(INDEX('1 Load & Network'!$L$5:$L$109,MATCH($A8&"|"&F$6&"|"&$C$3,'1 Load & Network'!$F$5:$F$109,0)),"") | G8: =IFERROR(INDEX('1 Load & Network'!$L$5:$L$109,MATCH($A8&"|"&G$6&"|"&$C$3,'1 Load & Network'!$F$5:$F$109,0)),"") | H8: =IFERROR(INDEX('1 Load & Network'!$L$5:$L$109,MATCH($A8&"|"&H$6&"|"&$C$3,'1 Load & Network'!$F$5:$F$109,0)),"") | I8: =IFERROR(INDEX('1 Load & Network'!$L$5:$L$109,MATCH($A8&"|"&I$6&"|"&$C$3,'1 Load & Network'!$F$5:$F$109,0)),"") | J8: =IFERROR(INDEX('1 Load & Network'!$L$5:$L$109,MATCH($A8&"|"&J$6&"|"&$C$3,'1 Load & Network'!$F$5:$F$109,0)),"") | K8: =IFERROR(INDEX('1 Load & Network'!$L$5:$L$109,MATCH($A8&"|"&K$6&"|"&$C$3,'1 Load & Network'!$F$5:$F$109,0)),"") | L8: =IFERROR(INDEX('1 Load & Network'!$L$5:$L$109,MATCH($A8&"|"&L$6&"|"&$C$3,'1 Load & Network'!$F$5:$F$109,0)),"") | M8: =IF(COUNT(F8:L8)=0,"",INDEX($F$6:$L$6,MATCH(IF($E8="Lower",MIN(F8:L8),MAX(F8:L8)),F8:L8,0))) | N8: =IF(OR(F8="",COUNT(F8:L8)=0),"",IF($E8="Lower",COUNTIF(F8:L8,"<"&F8),COUNTIF(F8:L8,">"&F8))+1) | O8: =COUNT(F8:L8) | P8: =IF(OR(F8="",COUNT(F8:L8)<2),"",IF($E8="Lower",IF(MIN(F8:L8)=0,"",(F8-MIN(F8:L8))/MIN(F8:L8)),IF(MAX(F8:L8)=0,"",(MAX(F8:L8)-F8)/MAX(F8:L8))))
A9: ='Metric Catalogue'!A7 | B9: ='Metric Catalogue'!B7 | C9: ='Metric Catalogue'!C7 | D9: ='Metric Catalogue'!D7 | E9: ='Metric Catalogue'!E7 | F9: =IFERROR(INDEX('1 Load & Network'!$L$5:$L$109,MATCH($A9&"|"&F$6&"|"&$C$3,'1 Load & Network'!$F$5:$F$109,0)),"") | G9: =IFERROR(INDEX('1 Load & Network'!$L$5:$L$109,MATCH($A9&"|"&G$6&"|"&$C$3,'1 Load & Network'!$F$5:$F$109,0)),"") | H9: =IFERROR(INDEX('1 Load & Network'!$L$5:$L$109,MATCH($A9&"|"&H$6&"|"&$C$3,'1 Load & Network'!$F$5:$F$109,0)),"") | I9: =IFERROR(INDEX('1 Load & Network'!$L$5:$L$109,MATCH($A9&"|"&I$6&"|"&$C$3,'1 Load & Network'!$F$5:$F$109,0)),"") | J9: =IFERROR(INDEX('1 Load & Network'!$L$5:$L$109,MATCH($A9&"|"&J$6&"|"&$C$3,'1 Load & Network'!$F$5:$F$109,0)),"") | K9: =IFERROR(INDEX('1 Load & Network'!$L$5:$L$109,MATCH($A9&"|"&K$6&"|"&$C$3,'1 Load & Network'!$F$5:$F$109,0)),"") | L9: =IFERROR(INDEX('1 Load & Network'!$L$5:$L$109,MATCH($A9&"|"&L$6&"|"&$C$3,'1 Load & Network'!$F$5:$F$109,0)),"") | M9: =IF(COUNT(F9:L9)=0,"",INDEX($F$6:$L$6,MATCH(IF($E9="Lower",MIN(F9:L9),MAX(F9:L9)),F9:L9,0))) | N9: =IF(OR(F9="",COUNT(F9:L9)=0),"",IF($E9="Lower",COUNTIF(F9:L9,"<"&F9),COUNTIF(F9:L9,">"&F9))+1) | O9: =COUNT(F9:L9) | P9: =IF(OR(F9="",COUNT(F9:L9)<2),"",IF($E9="Lower",IF(MIN(F9:L9)=0,"",(F9-MIN(F9:L9))/MIN(F9:L9)),IF(MAX(F9:L9)=0,"",(MAX(F9:L9)-F9)/MAX(F9:L9))))
A10: ='Metric Catalogue'!A8 | B10: ='Metric Catalogue'!B8 | C10: ='Metric Catalogue'!C8 | D10: ='Metric Catalogue'!D8 | E10: ='Metric Catalogue'!E8 | F10: =IFERROR(INDEX('1 Load & Network'!$L$5:$L$109,MATCH($A10&"|"&F$6&"|"&$C$3,'1 Load & Network'!$F$5:$F$109,0)),"") | G10: =IFERROR(INDEX('1 Load & Network'!$L$5:$L$109,MATCH($A10&"|"&G$6&"|"&$C$3,'1 Load & Network'!$F$5:$F$109,0)),"") | H10: =IFERROR(INDEX('1 Load & Network'!$L$5:$L$109,MATCH($A10&"|"&H$6&"|"&$C$3,'1 Load & Network'!$F$5:$F$109,0)),"") | I10: =IFERROR(INDEX('1 Load & Network'!$L$5:$L$109,MATCH($A10&"|"&I$6&"|"&$C$3,'1 Load & Network'!$F$5:$F$109,0)),"") | J10: =IFERROR(INDEX('1 Load & Network'!$L$5:$L$109,MATCH($A10&"|"&J$6&"|"&$C$3,'1 Load & Network'!$F$5:$F$109,0)),"") | K10: =IFERROR(INDEX('1 Load & Network'!$L$5:$L$109,MATCH($A10&"|"&K$6&"|"&$C$3,'1 Load & Network'!$F$5:$F$109,0)),"") | L10: =IFERROR(INDEX('1 Load & Network'!$L$5:$L$109,MATCH($A10&"|"&L$6&"|"&$C$3,'1 Load & Network'!$F$5:$F$109,0)),"") | M10: =IF(COUNT(F10:L10)=0,"",INDEX($F$6:$L$6,MATCH(IF($E10="Lower",MIN(F10:L10),MAX(F10:L10)),F10:L10,0))) | N10: =IF(OR(F10="",COUNT(F10:L10)=0),"",IF($E10="Lower",COUNTIF(F10:L10,"<"&F10),COUNTIF(F10:L10,">"&F10))+1) | O10: =COUNT(F10:L10) | P10: =IF(OR(F10="",COUNT(F10:L10)<2),"",IF($E10="Lower",IF(MIN(F10:L10)=0,"",(F10-MIN(F10:L10))/MIN(F10:L10)),IF(MAX(F10:L10)=0,"",(MAX(F10:L10)-F10)/MAX(F10:L10))))
A11: ='Metric Catalogue'!A9 | B11: ='Metric Catalogue'!B9 | C11: ='Metric Catalogue'!C9 | D11: ='Metric Catalogue'!D9 | E11: ='Metric Catalogue'!E9 | F11: =IFERROR(INDEX('1 Load & Network'!$L$5:$L$109,MATCH($A11&"|"&F$6&"|"&$C$3,'1 Load & Network'!$F$5:$F$109,0)),"") | G11: =IFERROR(INDEX('1 Load & Network'!$L$5:$L$109,MATCH($A11&"|"&G$6&"|"&$C$3,'1 Load & Network'!$F$5:$F$109,0)),"") | H11: =IFERROR(INDEX('1 Load & Network'!$L$5:$L$109,MATCH($A11&"|"&H$6&"|"&$C$3,'1 Load & Network'!$F$5:$F$109,0)),"") | I11: =IFERROR(INDEX('1 Load & Network'!$L$5:$L$109,MATCH($A11&"|"&I$6&"|"&$C$3,'1 Load & Network'!$F$5:$F$109,0)),"") | J11: =IFERROR(INDEX('1 Load & Network'!$L$5:$L$109,MATCH($A11&"|"&J$6&"|"&$C$3,'1 Load & Network'!$F$5:$F$109,0)),"") | K11: =IFERROR(INDEX('1 Load & Network'!$L$5:$L$109,MATCH($A11&"|"&K$6&"|"&$C$3,'1 Load & Network'!$F$5:$F$109,0)),"") | L11: =IFERROR(INDEX('1 Load & Network'!$L$5:$L$109,MATCH($A11&"|"&L$6&"|"&$C$3,'1 Load & Network'!$F$5:$F$109,0)),"") | M11: =IF(COUNT(F11:L11)=0,"",INDEX($F$6:$L$6,MATCH(IF($E11="Lower",MIN(F11:L11),MAX(F11:L11)),F11:L11,0))) | N11: =IF(OR(F11="",COUNT(F11:L11)=0),"",IF($E11="Lower",COUNTIF(F11:L11,"<"&F11),COUNTIF(F11:L11,">"&F11))+1) | O11: =COUNT(F11:L11) | P11: =IF(OR(F11="",COUNT(F11:L11)<2),"",IF($E11="Lower",IF(MIN(F11:L11)=0,"",(F11-MIN(F11:L11))/MIN(F11:L11)),IF(MAX(F11:L11)=0,"",(MAX(F11:L11)-F11)/MAX(F11:L11))))
A12: ='Metric Catalogue'!A10 | B12: ='Metric Catalogue'!B10 | C12: ='Metric Catalogue'!C10 | D12: ='Metric Catalogue'!D10 | E12: ='Metric Catalogue'!E10 | F12: =IFERROR(INDEX('1 Load & Network'!$L$5:$L$109,MATCH($A12&"|"&F$6&"|"&$C$3,'1 Load & Network'!$F$5:$F$109,0)),"") | G12: =IFERROR(INDEX('1 Load & Network'!$L$5:$L$109,MATCH($A12&"|"&G$6&"|"&$C$3,'1 Load & Network'!$F$5:$F$109,0)),"") | H12: =IFERROR(INDEX('1 Load & Network'!$L$5:$L$109,MATCH($A12&"|"&H$6&"|"&$C$3,'1 Load & Network'!$F$5:$F$109,0)),"") | I12: =IFERROR(INDEX('1 Load & Network'!$L$5:$L$109,MATCH($A12&"|"&I$6&"|"&$C$3,'1 Load & Network'!$F$5:$F$109,0)),"") | J12: =IFERROR(INDEX('1 Load & Network'!$L$5:$L$109,MATCH($A12&"|"&J$6&"|"&$C$3,'1 Load & Network'!$F$5:$F$109,0)),"") | K12: =IFERROR(INDEX('1 Load & Network'!$L$5:$L$109,MATCH($A12&"|"&K$6&"|"&$C$3,'1 Load & Network'!$F$5:$F$109,0)),"") | L12: =IFERROR(INDEX('1 Load & Network'!$L$5:$L$109,MATCH($A12&"|"&L$6&"|"&$C$3,'1 Load & Network'!$F$5:$F$109,0)),"") | M12: =IF(COUNT(F12:L12)=0,"",INDEX($F$6:$L$6,MATCH(IF($E12="Lower",MIN(F12:L12),MAX(F12:L12)),F12:L12,0))) | N12: =IF(OR(F12="",COUNT(F12:L12)=0),"",IF($E12="Lower",COUNTIF(F12:L12,"<"&F12),COUNTIF(F12:L12,">"&F12))+1) | O12: =COUNT(F12:L12) | P12: =IF(OR(F12="",COUNT(F12:L12)<2),"",IF($E12="Lower",IF(MIN(F12:L12)=0,"",(F12-MIN(F12:L12))/MIN(F12:L12)),IF(MAX(F12:L12)=0,"",(MAX(F12:L12)-F12)/MAX(F12:L12))))
A13: ='Metric Catalogue'!A11 | B13: ='Metric Catalogue'!B11 | C13: ='Metric Catalogue'!C11 | D13: ='Metric Catalogue'!D11 | E13: ='Metric Catalogue'!E11 | F13: =IFERROR(INDEX('1 Load & Network'!$L$5:$L$109,MATCH($A13&"|"&F$6&"|"&$C$3,'1 Load & Network'!$F$5:$F$109,0)),"") | G13: =IFERROR(INDEX('1 Load & Network'!$L$5:$L$109,MATCH($A13&"|"&G$6&"|"&$C$3,'1 Load & Network'!$F$5:$F$109,0)),"") | H13: =IFERROR(INDEX('1 Load & Network'!$L$5:$L$109,MATCH($A13&"|"&H$6&"|"&$C$3,'1 Load & Network'!$F$5:$F$109,0)),"") | I13: =IFERROR(INDEX('1 Load & Network'!$L$5:$L$109,MATCH($A13&"|"&I$6&"|"&$C$3,'1 Load & Network'!$F$5:$F$109,0)),"") | J13: =IFERROR(INDEX('1 Load & Network'!$L$5:$L$109,MATCH($A13&"|"&J$6&"|"&$C$3,'1 Load & Network'!$F$5:$F$109,0)),"") | K13: =IFERROR(INDEX('1 Load & Network'!$L$5:$L$109,MATCH($A13&"|"&K$6&"|"&$C$3,'1 Load & Network'!$F$5:$F$109,0)),"") | L13: =IFERROR(INDEX('1 Load & Network'!$L$5:$L$109,MATCH($A13&"|"&L$6&"|"&$C$3,'1 Load & Network'!$F$5:$F$109,0)),"") | M13: =IF(COUNT(F13:L13)=0,"",INDEX($F$6:$L$6,MATCH(IF($E13="Lower",MIN(F13:L13),MAX(F13:L13)),F13:L13,0))) | N13: =IF(OR(F13="",COUNT(F13:L13)=0),"",IF($E13="Lower",COUNTIF(F13:L13,"<"&F13),COUNTIF(F13:L13,">"&F13))+1) | O13: =COUNT(F13:L13) | P13: =IF(OR(F13="",COUNT(F13:L13)<2),"",IF($E13="Lower",IF(MIN(F13:L13)=0,"",(F13-MIN(F13:L13))/MIN(F13:L13)),IF(MAX(F13:L13)=0,"",(MAX(F13:L13)-F13)/MAX(F13:L13))))
A14: ='Metric Catalogue'!A12 | B14: ='Metric Catalogue'!B12 | C14: ='Metric Catalogue'!C12 | D14: ='Metric Catalogue'!D12 | E14: ='Metric Catalogue'!E12 | F14: =IFERROR(INDEX('1 Load & Network'!$L$5:$L$109,MATCH($A14&"|"&F$6&"|"&$C$3,'1 Load & Network'!$F$5:$F$109,0)),"") | G14: =IFERROR(INDEX('1 Load & Network'!$L$5:$L$109,MATCH($A14&"|"&G$6&"|"&$C$3,'1 Load & Network'!$F$5:$F$109,0)),"") | H14: =IFERROR(INDEX('1 Load & Network'!$L$5:$L$109,MATCH($A14&"|"&H$6&"|"&$C$3,'1 Load & Network'!$F$5:$F$109,0)),"") | I14: =IFERROR(INDEX('1 Load & Network'!$L$5:$L$109,MATCH($A14&"|"&I$6&"|"&$C$3,'1 Load & Network'!$F$5:$F$109,0)),"") | J14: =IFERROR(INDEX('1 Load & Network'!$L$5:$L$109,MATCH($A14&"|"&J$6&"|"&$C$3,'1 Load & Network'!$F$5:$F$109,0)),"") | K14: =IFERROR(INDEX('1 Load & Network'!$L$5:$L$109,MATCH($A14&"|"&K$6&"|"&$C$3,'1 Load & Network'!$F$5:$F$109,0)),"") | L14: =IFERROR(INDEX('1 Load & Network'!$L$5:$L$109,MATCH($A14&"|"&L$6&"|"&$C$3,'1 Load & Network'!$F$5:$F$109,0)),"") | M14: =IF(COUNT(F14:L14)=0,"",INDEX($F$6:$L$6,MATCH(IF($E14="Lower",MIN(F14:L14),MAX(F14:L14)),F14:L14,0))) | N14: =IF(OR(F14="",COUNT(F14:L14)=0),"",IF($E14="Lower",COUNTIF(F14:L14,"<"&F14),COUNTIF(F14:L14,">"&F14))+1) | O14: =COUNT(F14:L14) | P14: =IF(OR(F14="",COUNT(F14:L14)<2),"",IF($E14="Lower",IF(MIN(F14:L14)=0,"",(F14-MIN(F14:L14))/MIN(F14:L14)),IF(MAX(F14:L14)=0,"",(MAX(F14:L14)-F14)/MAX(F14:L14))))
A15: ='Metric Catalogue'!A13 | B15: ='Metric Catalogue'!B13 | C15: ='Metric Catalogue'!C13 | D15: ='Metric Catalogue'!D13 | E15: ='Metric Catalogue'!E13 | F15: =IFERROR(INDEX('1 Load & Network'!$L$5:$L$109,MATCH($A15&"|"&F$6&"|"&$C$3,'1 Load & Network'!$F$5:$F$109,0)),"") | G15: =IFERROR(INDEX('1 Load & Network'!$L$5:$L$109,MATCH($A15&"|"&G$6&"|"&$C$3,'1 Load & Network'!$F$5:$F$109,0)),"") | H15: =IFERROR(INDEX('1 Load & Network'!$L$5:$L$109,MATCH($A15&"|"&H$6&"|"&$C$3,'1 Load & Network'!$F$5:$F$109,0)),"") | I15: =IFERROR(INDEX('1 Load & Network'!$L$5:$L$109,MATCH($A15&"|"&I$6&"|"&$C$3,'1 Load & Network'!$F$5:$F$109,0)),"") | J15: =IFERROR(INDEX('1 Load & Network'!$L$5:$L$109,MATCH($A15&"|"&J$6&"|"&$C$3,'1 Load & Network'!$F$5:$F$109,0)),"") | K15: =IFERROR(INDEX('1 Load & Network'!$L$5:$L$109,MATCH($A15&"|"&K$6&"|"&$C$3,'1 Load & Network'!$F$5:$F$109,0)),"") | L15: =IFERROR(INDEX('1 Load & Network'!$L$5:$L$109,MATCH($A15&"|"&L$6&"|"&$C$3,'1 Load & Network'!$F$5:$F$109,0)),"") | M15: =IF(COUNT(F15:L15)=0,"",INDEX($F$6:$L$6,MATCH(IF($E15="Lower",MIN(F15:L15),MAX(F15:L15)),F15:L15,0))) | N15: =IF(OR(F15="",COUNT(F15:L15)=0),"",IF($E15="Lower",COUNTIF(F15:L15,"<"&F15),COUNTIF(F15:L15,">"&F15))+1) | O15: =COUNT(F15:L15) | P15: =IF(OR(F15="",COUNT(F15:L15)<2),"",IF($E15="Lower",IF(MIN(F15:L15)=0,"",(F15-MIN(F15:L15))/MIN(F15:L15)),IF(MAX(F15:L15)=0,"",(MAX(F15:L15)-F15)/MAX(F15:L15))))
A16: ='Metric Catalogue'!A14 | B16: ='Metric Catalogue'!B14 | C16: ='Metric Catalogue'!C14 | D16: ='Metric Catalogue'!D14 | E16: ='Metric Catalogue'!E14 | F16: =IFERROR(INDEX('1 Load & Network'!$L$5:$L$109,MATCH($A16&"|"&F$6&"|"&$C$3,'1 Load & Network'!$F$5:$F$109,0)),"") | G16: =IFERROR(INDEX('1 Load & Network'!$L$5:$L$109,MATCH($A16&"|"&G$6&"|"&$C$3,'1 Load & Network'!$F$5:$F$109,0)),"") | H16: =IFERROR(INDEX('1 Load & Network'!$L$5:$L$109,MATCH($A16&"|"&H$6&"|"&$C$3,'1 Load & Network'!$F$5:$F$109,0)),"") | I16: =IFERROR(INDEX('1 Load & Network'!$L$5:$L$109,MATCH($A16&"|"&I$6&"|"&$C$3,'1 Load & Network'!$F$5:$F$109,0)),"") | J16: =IFERROR(INDEX('1 Load & Network'!$L$5:$L$109,MATCH($A16&"|"&J$6&"|"&$C$3,'1 Load & Network'!$F$5:$F$109,0)),"") | K16: =IFERROR(INDEX('1 Load & Network'!$L$5:$L$109,MATCH($A16&"|"&K$6&"|"&$C$3,'1 Load & Network'!$F$5:$F$109,0)),"") | L16: =IFERROR(INDEX('1 Load & Network'!$L$5:$L$109,MATCH($A16&"|"&L$6&"|"&$C$3,'1 Load & Network'!$F$5:$F$109,0)),"") | M16: =IF(COUNT(F16:L16)=0,"",INDEX($F$6:$L$6,MATCH(IF($E16="Lower",MIN(F16:L16),MAX(F16:L16)),F16:L16,0))) | N16: =IF(OR(F16="",COUNT(F16:L16)=0),"",IF($E16="Lower",COUNTIF(F16:L16,"<"&F16),COUNTIF(F16:L16,">"&F16))+1) | O16: =COUNT(F16:L16) | P16: =IF(OR(F16="",COUNT(F16:L16)<2),"",IF($E16="Lower",IF(MIN(F16:L16)=0,"",(F16-MIN(F16:L16))/MIN(F16:L16)),IF(MAX(F16:L16)=0,"",(MAX(F16:L16)-F16)/MAX(F16:L16))))
A17: ='Metric Catalogue'!A15 | B17: ='Metric Catalogue'!B15 | C17: ='Metric Catalogue'!C15 | D17: ='Metric Catalogue'!D15 | E17: ='Metric Catalogue'!E15 | F17: =IFERROR(INDEX('1 Load & Network'!$L$5:$L$109,MATCH($A17&"|"&F$6&"|"&$C$3,'1 Load & Network'!$F$5:$F$109,0)),"") | G17: =IFERROR(INDEX('1 Load & Network'!$L$5:$L$109,MATCH($A17&"|"&G$6&"|"&$C$3,'1 Load & Network'!$F$5:$F$109,0)),"") | H17: =IFERROR(INDEX('1 Load & Network'!$L$5:$L$109,MATCH($A17&"|"&H$6&"|"&$C$3,'1 Load & Network'!$F$5:$F$109,0)),"") | I17: =IFERROR(INDEX('1 Load & Network'!$L$5:$L$109,MATCH($A17&"|"&I$6&"|"&$C$3,'1 Load & Network'!$F$5:$F$109,0)),"") | J17: =IFERROR(INDEX('1 Load & Network'!$L$5:$L$109,MATCH($A17&"|"&J$6&"|"&$C$3,'1 Load & Network'!$F$5:$F$109,0)),"") | K17: =IFERROR(INDEX('1 Load & Network'!$L$5:$L$109,MATCH($A17&"|"&K$6&"|"&$C$3,'1 Load & Network'!$F$5:$F$109,0)),"") | L17: =IFERROR(INDEX('1 Load & Network'!$L$5:$L$109,MATCH($A17&"|"&L$6&"|"&$C$3,'1 Load & Network'!$F$5:$F$109,0)),"") | M17: =IF(COUNT(F17:L17)=0,"",INDEX($F$6:$L$6,MATCH(IF($E17="Lower",MIN(F17:L17),MAX(F17:L17)),F17:L17,0))) | N17: =IF(OR(F17="",COUNT(F17:L17)=0),"",IF($E17="Lower",COUNTIF(F17:L17,"<"&F17),COUNTIF(F17:L17,">"&F17))+1) | O17: =COUNT(F17:L17) | P17: =IF(OR(F17="",COUNT(F17:L17)<2),"",IF($E17="Lower",IF(MIN(F17:L17)=0,"",(F17-MIN(F17:L17))/MIN(F17:L17)),IF(MAX(F17:L17)=0,"",(MAX(F17:L17)-F17)/MAX(F17:L17))))
A18: ='Metric Catalogue'!A16 | B18: ='Metric Catalogue'!B16 | C18: ='Metric Catalogue'!C16 | D18: ='Metric Catalogue'!D16 | E18: ='Metric Catalogue'!E16 | F18: =IFERROR(INDEX('1 Load & Network'!$L$5:$L$109,MATCH($A18&"|"&F$6&"|"&$C$3,'1 Load & Network'!$F$5:$F$109,0)),"") | G18: =IFERROR(INDEX('1 Load & Network'!$L$5:$L$109,MATCH($A18&"|"&G$6&"|"&$C$3,'1 Load & Network'!$F$5:$F$109,0)),"") | H18: =IFERROR(INDEX('1 Load & Network'!$L$5:$L$109,MATCH($A18&"|"&H$6&"|"&$C$3,'1 Load & Network'!$F$5:$F$109,0)),"") | I18: =IFERROR(INDEX('1 Load & Network'!$L$5:$L$109,MATCH($A18&"|"&I$6&"|"&$C$3,'1 Load & Network'!$F$5:$F$109,0)),"") | J18: =IFERROR(INDEX('1 Load & Network'!$L$5:$L$109,MATCH($A18&"|"&J$6&"|"&$C$3,'1 Load & Network'!$F$5:$F$109,0)),"") | K18: =IFERROR(INDEX('1 Load & Network'!$L$5:$L$109,MATCH($A18&"|"&K$6&"|"&$C$3,'1 Load & Network'!$F$5:$F$109,0)),"") | L18: =IFERROR(INDEX('1 Load & Network'!$L$5:$L$109,MATCH($A18&"|"&L$6&"|"&$C$3,'1 Load & Network'!$F$5:$F$109,0)),"") | M18: =IF(COUNT(F18:L18)=0,"",INDEX($F$6:$L$6,MATCH(IF($E18="Lower",MIN(F18:L18),MAX(F18:L18)),F18:L18,0))) | N18: =IF(OR(F18="",COUNT(F18:L18)=0),"",IF($E18="Lower",COUNTIF(F18:L18,"<"&F18),COUNTIF(F18:L18,">"&F18))+1) | O18: =COUNT(F18:L18) | P18: =IF(OR(F18="",COUNT(F18:L18)<2),"",IF($E18="Lower",IF(MIN(F18:L18)=0,"",(F18-MIN(F18:L18))/MIN(F18:L18)),IF(MAX(F18:L18)=0,"",(MAX(F18:L18)-F18)/MAX(F18:L18))))
... A21: ='Metric Catalogue'!A19 | B21: ='Metric Catalogue'!B19 | C21: ='Metric Catalogue'!C19 | D21: ='Metric Catalogue'!D19 | E21: ='Metric Catalogue'!E19 | F21: =IFERROR(INDEX('1 Load & Network'!$L$5:$L$109,MATCH($A21&"|"&F$6&"|"&$C$3,'1 Load & Network'!$F$5:$F$109,0)),"") | G21: =IFERROR(INDEX('1 Load & Network'!$L$5:$L$109,MATCH($A21&"|"&G$6&"|"&$C$3,'1 Load & Network'!$F$5:$F$109,0)),"") | H21: =IFERROR(INDEX('1 Load & Network'!$L$5:$L$109,MATCH($A21&"|"&H$6&"|"&$C$3,'1 Load & Network'!$F$5:$F$109,0)),"") | I21: =IFERROR(INDEX('1 Load & Network'!$L$5:$L$109,MATCH($A21&"|"&I$6&"|"&$C$3,'1 Load & Network'!$F$5:$F$109,0)),"") | J21: =IFERROR(INDEX('1 Load & Network'!$L$5:$L$109,MATCH($A21&"|"&J$6&"|"&$C$3,'1 Load & Network'!$F$5:$F$109,0)),"") | K21: =IFERROR(INDEX('1 Load & Network'!$L$5:$L$109,MATCH($A21&"|"&K$6&"|"&$C$3,'1 Load & Network'!$F$5:$F$109,0)),"") | L21: =IFERROR(INDEX('1 Load & Network'!$L$5:$L$109,MATCH($A21&"|"&L$6&"|"&$C$3,'1 Load & Network'!$F$5:$F$109,0)),"") | M21: =IF(COUNT(F21:L21)=0,"",INDEX($F$6:$L$6,MATCH(IF($E21="Lower",MIN(F21:L21),MAX(F21:L21)),F21:L21,0))) | N21: =IF(OR(F21="",COUNT(F21:L21)=0),"",IF($E21="Lower",COUNTIF(F21:L21,"<"&F21),COUNTIF(F21:L21,">"&F21))+1) | O21: =COUNT(F21:L21) | P21: =IF(OR(F21="",COUNT(F21:L21)<2),"",IF($E21="Lower",IF(MIN(F21:L21)=0,"",(F21-MIN(F21:L21))/MIN(F21:L21)),IF(MAX(F21:L21)=0,"",(MAX(F21:L21)-F21)/MAX(F21:L21))))
A22: ='Metric Catalogue'!A20 | B22: ='Metric Catalogue'!B20 | C22: ='Metric Catalogue'!C20 | D22: ='Metric Catalogue'!D20 | E22: ='Metric Catalogue'!E20 | F22: =IFERROR(INDEX('2 Scroll FPS'!$L$5:$L$53,MATCH($A22&"|"&F$6&"|"&$C$3,'2 Scroll FPS'!$F$5:$F$53,0)),"") | G22: =IFERROR(INDEX('2 Scroll FPS'!$L$5:$L$53,MATCH($A22&"|"&G$6&"|"&$C$3,'2 Scroll FPS'!$F$5:$F$53,0)),"") | H22: =IFERROR(INDEX('2 Scroll FPS'!$L$5:$L$53,MATCH($A22&"|"&H$6&"|"&$C$3,'2 Scroll FPS'!$F$5:$F$53,0)),"") | I22: =IFERROR(INDEX('2 Scroll FPS'!$L$5:$L$53,MATCH($A22&"|"&I$6&"|"&$C$3,'2 Scroll FPS'!$F$5:$F$53,0)),"") | J22: =IFERROR(INDEX('2 Scroll FPS'!$L$5:$L$53,MATCH($A22&"|"&J$6&"|"&$C$3,'2 Scroll FPS'!$F$5:$F$53,0)),"") | K22: =IFERROR(INDEX('2 Scroll FPS'!$L$5:$L$53,MATCH($A22&"|"&K$6&"|"&$C$3,'2 Scroll FPS'!$F$5:$F$53,0)),"") | L22: =IFERROR(INDEX('2 Scroll FPS'!$L$5:$L$53,MATCH($A22&"|"&L$6&"|"&$C$3,'2 Scroll FPS'!$F$5:$F$53,0)),"") | M22: =IF(COUNT(F22:L22)=0,"",INDEX($F$6:$L$6,MATCH(IF($E22="Lower",MIN(F22:L22),MAX(F22:L22)),F22:L22,0))) | N22: =IF(OR(F22="",COUNT(F22:L22)=0),"",IF($E22="Lower",COUNTIF(F22:L22,"<"&F22),COUNTIF(F22:L22,">"&F22))+1) | O22: =COUNT(F22:L22) | P22: =IF(OR(F22="",COUNT(F22:L22)<2),"",IF($E22="Lower",IF(MIN(F22:L22)=0,"",(F22-MIN(F22:L22))/MIN(F22:L22)),IF(MAX(F22:L22)=0,"",(MAX(F22:L22)-F22)/MAX(F22:L22))))
A23: ='Metric Catalogue'!A21 | B23: ='Metric Catalogue'!B21 | C23: ='Metric Catalogue'!C21 | D23: ='Metric Catalogue'!D21 | E23: ='Metric Catalogue'!E21 | F23: =IFERROR(INDEX('2 Scroll FPS'!$L$5:$L$53,MATCH($A23&"|"&F$6&"|"&$C$3,'2 Scroll FPS'!$F$5:$F$53,0)),"") | G23: =IFERROR(INDEX('2 Scroll FPS'!$L$5:$L$53,MATCH($A23&"|"&G$6&"|"&$C$3,'2 Scroll FPS'!$F$5:$F$53,0)),"") | H23: =IFERROR(INDEX('2 Scroll FPS'!$L$5:$L$53,MATCH($A23&"|"&H$6&"|"&$C$3,'2 Scroll FPS'!$F$5:$F$53,0)),"") | I23: =IFERROR(INDEX('2 Scroll FPS'!$L$5:$L$53,MATCH($A23&"|"&I$6&"|"&$C$3,'2 Scroll FPS'!$F$5:$F$53,0)),"") | J23: =IFERROR(INDEX('2 Scroll FPS'!$L$5:$L$53,MATCH($A23&"|"&J$6&"|"&$C$3,'2 Scroll FPS'!$F$5:$F$53,0)),"") | K23: =IFERROR(INDEX('2 Scroll FPS'!$L$5:$L$53,MATCH($A23&"|"&K$6&"|"&$C$3,'2 Scroll FPS'!$F$5:$F$53,0)),"") | L23: =IFERROR(INDEX('2 Scroll FPS'!$L$5:$L$53,MATCH($A23&"|"&L$6&"|"&$C$3,'2 Scroll FPS'!$F$5:$F$53,0)),"") | M23: =IF(COUNT(F23:L23)=0,"",INDEX($F$6:$L$6,MATCH(IF($E23="Lower",MIN(F23:L23),MAX(F23:L23)),F23:L23,0))) | N23: =IF(OR(F23="",COUNT(F23:L23)=0),"",IF($E23="Lower",COUNTIF(F23:L23,"<"&F23),COUNTIF(F23:L23,">"&F23))+1) | O23: =COUNT(F23:L23) | P23: =IF(OR(F23="",COUNT(F23:L23)<2),"",IF($E23="Lower",IF(MIN(F23:L23)=0,"",(F23-MIN(F23:L23))/MIN(F23:L23)),IF(MAX(F23:L23)=0,"",(MAX(F23:L23)-F23)/MAX(F23:L23))))
A24: ='Metric Catalogue'!A22 | B24: ='Metric Catalogue'!B22 | C24: ='Metric Catalogue'!C22 | D24: ='Metric Catalogue'!D22 | E24: ='Metric Catalogue'!E22 | F24: =IFERROR(INDEX('2 Scroll FPS'!$L$5:$L$53,MATCH($A24&"|"&F$6&"|"&$C$3,'2 Scroll FPS'!$F$5:$F$53,0)),"") | G24: =IFERROR(INDEX('2 Scroll FPS'!$L$5:$L$53,MATCH($A24&"|"&G$6&"|"&$C$3,'2 Scroll FPS'!$F$5:$F$53,0)),"") | H24: =IFERROR(INDEX('2 Scroll FPS'!$L$5:$L$53,MATCH($A24&"|"&H$6&"|"&$C$3,'2 Scroll FPS'!$F$5:$F$53,0)),"") | I24: =IFERROR(INDEX('2 Scroll FPS'!$L$5:$L$53,MATCH($A24&"|"&I$6&"|"&$C$3,'2 Scroll FPS'!$F$5:$F$53,0)),"") | J24: =IFERROR(INDEX('2 Scroll FPS'!$L$5:$L$53,MATCH($A24&"|"&J$6&"|"&$C$3,'2 Scroll FPS'!$F$5:$F$53,0)),"") | K24: =IFERROR(INDEX('2 Scroll FPS'!$L$5:$L$53,MATCH($A24&"|"&K$6&"|"&$C$3,'2 Scroll FPS'!$F$5:$F$53,0)),"") | L24: =IFERROR(INDEX('2 Scroll FPS'!$L$5:$L$53,MATCH($A24&"|"&L$6&"|"&$C$3,'2 Scroll FPS'!$F$5:$F$53,0)),"") | M24: =IF(COUNT(F24:L24)=0,"",INDEX($F$6:$L$6,MATCH(IF($E24="Lower",MIN(F24:L24),MAX(F24:L24)),F24:L24,0))) | N24: =IF(OR(F24="",COUNT(F24:L24)=0),"",IF($E24="Lower",COUNTIF(F24:L24,"<"&F24),COUNTIF(F24:L24,">"&F24))+1) | O24: =COUNT(F24:L24) | P24: =IF(OR(F24="",COUNT(F24:L24)<2),"",IF($E24="Lower",IF(MIN(F24:L24)=0,"",(F24-MIN(F24:L24))/MIN(F24:L24)),IF(MAX(F24:L24)=0,"",(MAX(F24:L24)-F24)/MAX(F24:L24))))
A25: ='Metric Catalogue'!A23 | B25: ='Metric Catalogue'!B23 | C25: ='Metric Catalogue'!C23 | D25: ='Metric Catalogue'!D23 | E25: ='Metric Catalogue'!E23 | F25: =IFERROR(INDEX('2 Scroll FPS'!$L$5:$L$53,MATCH($A25&"|"&F$6&"|"&$C$3,'2 Scroll FPS'!$F$5:$F$53,0)),"") | G25: =IFERROR(INDEX('2 Scroll FPS'!$L$5:$L$53,MATCH($A25&"|"&G$6&"|"&$C$3,'2 Scroll FPS'!$F$5:$F$53,0)),"") | H25: =IFERROR(INDEX('2 Scroll FPS'!$L$5:$L$53,MATCH($A25&"|"&H$6&"|"&$C$3,'2 Scroll FPS'!$F$5:$F$53,0)),"") | I25: =IFERROR(INDEX('2 Scroll FPS'!$L$5:$L$53,MATCH($A25&"|"&I$6&"|"&$C$3,'2 Scroll FPS'!$F$5:$F$53,0)),"") | J25: =IFERROR(INDEX('2 Scroll FPS'!$L$5:$L$53,MATCH($A25&"|"&J$6&"|"&$C$3,'2 Scroll FPS'!$F$5:$F$53,0)),"") | K25: =IFERROR(INDEX('2 Scroll FPS'!$L$5:$L$53,MATCH($A25&"|"&K$6&"|"&$C$3,'2 Scroll FPS'!$F$5:$F$53,0)),"") | L25: =IFERROR(INDEX('2 Scroll FPS'!$L$5:$L$53,MATCH($A25&"|"&L$6&"|"&$C$3,'2 Scroll FPS'!$F$5:$F$53,0)),"") | M25: =IF(COUNT(F25:L25)=0,"",INDEX($F$6:$L$6,MATCH(IF($E25="Lower",MIN(F25:L25),MAX(F25:L25)),F25:L25,0))) | N25: =IF(OR(F25="",COUNT(F25:L25)=0),"",IF($E25="Lower",COUNTIF(F25:L25,"<"&F25),COUNTIF(F25:L25,">"&F25))+1) | O25: =COUNT(F25:L25) | P25: =IF(OR(F25="",COUNT(F25:L25)<2),"",IF($E25="Lower",IF(MIN(F25:L25)=0,"",(F25-MIN(F25:L25))/MIN(F25:L25)),IF(MAX(F25:L25)=0,"",(MAX(F25:L25)-F25)/MAX(F25:L25))))
A26: ='Metric Catalogue'!A24 | B26: ='Metric Catalogue'!B24 | C26: ='Metric Catalogue'!C24 | D26: ='Metric Catalogue'!D24 | E26: ='Metric Catalogue'!E24 | F26: =IFERROR(INDEX('2 Scroll FPS'!$L$5:$L$53,MATCH($A26&"|"&F$6&"|"&$C$3,'2 Scroll FPS'!$F$5:$F$53,0)),"") | G26: =IFERROR(INDEX('2 Scroll FPS'!$L$5:$L$53,MATCH($A26&"|"&G$6&"|"&$C$3,'2 Scroll FPS'!$F$5:$F$53,0)),"") | H26: =IFERROR(INDEX('2 Scroll FPS'!$L$5:$L$53,MATCH($A26&"|"&H$6&"|"&$C$3,'2 Scroll FPS'!$F$5:$F$53,0)),"") | I26: =IFERROR(INDEX('2 Scroll FPS'!$L$5:$L$53,MATCH($A26&"|"&I$6&"|"&$C$3,'2 Scroll FPS'!$F$5:$F$53,0)),"") | J26: =IFERROR(INDEX('2 Scroll FPS'!$L$5:$L$53,MATCH($A26&"|"&J$6&"|"&$C$3,'2 Scroll FPS'!$F$5:$F$53,0)),"") | K26: =IFERROR(INDEX('2 Scroll FPS'!$L$5:$L$53,MATCH($A26&"|"&K$6&"|"&$C$3,'2 Scroll FPS'!$F$5:$F$53,0)),"") | L26: =IFERROR(INDEX('2 Scroll FPS'!$L$5:$L$53,MATCH($A26&"|"&L$6&"|"&$C$3,'2 Scroll FPS'!$F$5:$F$53,0)),"") | M26: =IF(COUNT(F26:L26)=0,"",INDEX($F$6:$L$6,MATCH(IF($E26="Lower",MIN(F26:L26),MAX(F26:L26)),F26:L26,0))) | N26: =IF(OR(F26="",COUNT(F26:L26)=0),"",IF($E26="Lower",COUNTIF(F26:L26,"<"&F26),COUNTIF(F26:L26,">"&F26))+1) | O26: =COUNT(F26:L26) | P26: =IF(OR(F26="",COUNT(F26:L26)<2),"",IF($E26="Lower",IF(MIN(F26:L26)=0,"",(F26-MIN(F26:L26))/MIN(F26:L26)),IF(MAX(F26:L26)=0,"",(MAX(F26:L26)-F26)/MAX(F26:L26))))
A27: ='Metric Catalogue'!A25 | B27: ='Metric Catalogue'!B25 | C27: ='Metric Catalogue'!C25 | D27: ='Metric Catalogue'!D25 | E27: ='Metric Catalogue'!E25 | F27: =IFERROR(INDEX('2 Scroll FPS'!$L$5:$L$53,MATCH($A27&"|"&F$6&"|"&$C$3,'2 Scroll FPS'!$F$5:$F$53,0)),"") | G27: =IFERROR(INDEX('2 Scroll FPS'!$L$5:$L$53,MATCH($A27&"|"&G$6&"|"&$C$3,'2 Scroll FPS'!$F$5:$F$53,0)),"") | H27: =IFERROR(INDEX('2 Scroll FPS'!$L$5:$L$53,MATCH($A27&"|"&H$6&"|"&$C$3,'2 Scroll FPS'!$F$5:$F$53,0)),"") | I27: =IFERROR(INDEX('2 Scroll FPS'!$L$5:$L$53,MATCH($A27&"|"&I$6&"|"&$C$3,'2 Scroll FPS'!$F$5:$F$53,0)),"") | J27: =IFERROR(INDEX('2 Scroll FPS'!$L$5:$L$53,MATCH($A27&"|"&J$6&"|"&$C$3,'2 Scroll FPS'!$F$5:$F$53,0)),"") | K27: =IFERROR(INDEX('2 Scroll FPS'!$L$5:$L$53,MATCH($A27&"|"&K$6&"|"&$C$3,'2 Scroll FPS'!$F$5:$F$53,0)),"") | L27: =IFERROR(INDEX('2 Scroll FPS'!$L$5:$L$53,MATCH($A27&"|"&L$6&"|"&$C$3,'2 Scroll FPS'!$F$5:$F$53,0)),"") | M27: =IF(COUNT(F27:L27)=0,"",INDEX($F$6:$L$6,MATCH(IF($E27="Lower",MIN(F27:L27),MAX(F27:L27)),F27:L27,0))) | N27: =IF(OR(F27="",COUNT(F27:L27)=0),"",IF($E27="Lower",COUNTIF(F27:L27,"<"&F27),COUNTIF(F27:L27,">"&F27))+1) | O27: =COUNT(F27:L27) | P27: =IF(OR(F27="",COUNT(F27:L27)<2),"",IF($E27="Lower",IF(MIN(F27:L27)=0,"",(F27-MIN(F27:L27))/MIN(F27:L27)),IF(MAX(F27:L27)=0,"",(MAX(F27:L27)-F27)/MAX(F27:L27))))
A28: ='Metric Catalogue'!A26 | B28: ='Metric Catalogue'!B26 | C28: ='Metric Catalogue'!C26 | D28: ='Metric Catalogue'!D26 | E28: ='Metric Catalogue'!E26 | F28: =IFERROR(INDEX('2 Scroll FPS'!$L$5:$L$53,MATCH($A28&"|"&F$6&"|"&$C$3,'2 Scroll FPS'!$F$5:$F$53,0)),"") | G28: =IFERROR(INDEX('2 Scroll FPS'!$L$5:$L$53,MATCH($A28&"|"&G$6&"|"&$C$3,'2 Scroll FPS'!$F$5:$F$53,0)),"") | H28: =IFERROR(INDEX('2 Scroll FPS'!$L$5:$L$53,MATCH($A28&"|"&H$6&"|"&$C$3,'2 Scroll FPS'!$F$5:$F$53,0)),"") | I28: =IFERROR(INDEX('2 Scroll FPS'!$L$5:$L$53,MATCH($A28&"|"&I$6&"|"&$C$3,'2 Scroll FPS'!$F$5:$F$53,0)),"") | J28: =IFERROR(INDEX('2 Scroll FPS'!$L$5:$L$53,MATCH($A28&"|"&J$6&"|"&$C$3,'2 Scroll FPS'!$F$5:$F$53,0)),"") | K28: =IFERROR(INDEX('2 Scroll FPS'!$L$5:$L$53,MATCH($A28&"|"&K$6&"|"&$C$3,'2 Scroll FPS'!$F$5:$F$53,0)),"") | L28: =IFERROR(INDEX('2 Scroll FPS'!$L$5:$L$53,MATCH($A28&"|"&L$6&"|"&$C$3,'2 Scroll FPS'!$F$5:$F$53,0)),"") | M28: =IF(COUNT(F28:L28)=0,"",INDEX($F$6:$L$6,MATCH(IF($E28="Lower",MIN(F28:L28),MAX(F28:L28)),F28:L28,0))) | N28: =IF(OR(F28="",COUNT(F28:L28)=0),"",IF($E28="Lower",COUNTIF(F28:L28,"<"&F28),COUNTIF(F28:L28,">"&F28))+1) | O28: =COUNT(F28:L28) | P28: =IF(OR(F28="",COUNT(F28:L28)<2),"",IF($E28="Lower",IF(MIN(F28:L28)=0,"",(F28-MIN(F28:L28))/MIN(F28:L28)),IF(MAX(F28:L28)=0,"",(MAX(F28:L28)-F28)/MAX(F28:L28))))
A29: ='Metric Catalogue'!A27 | B29: ='Metric Catalogue'!B27 | C29: ='Metric Catalogue'!C27 | D29: ='Metric Catalogue'!D27 | E29: ='Metric Catalogue'!E27 | F29: =IFERROR(INDEX('3 Screen Updates'!$L$5:$L$39,MATCH($A29&"|"&F$6&"|"&$C$3,'3 Screen Updates'!$F$5:$F$39,0)),"") | G29: =IFERROR(INDEX('3 Screen Updates'!$L$5:$L$39,MATCH($A29&"|"&G$6&"|"&$C$3,'3 Screen Updates'!$F$5:$F$39,0)),"") | H29: =IFERROR(INDEX('3 Screen Updates'!$L$5:$L$39,MATCH($A29&"|"&H$6&"|"&$C$3,'3 Screen Updates'!$F$5:$F$39,0)),"") | I29: =IFERROR(INDEX('3 Screen Updates'!$L$5:$L$39,MATCH($A29&"|"&I$6&"|"&$C$3,'3 Screen Updates'!$F$5:$F$39,0)),"") | J29: =IFERROR(INDEX('3 Screen Updates'!$L$5:$L$39,MATCH($A29&"|"&J$6&"|"&$C$3,'3 Screen Updates'!$F$5:$F$39,0)),"") | K29: =IFERROR(INDEX('3 Screen Updates'!$L$5:$L$39,MATCH($A29&"|"&K$6&"|"&$C$3,'3 Screen Updates'!$F$5:$F$39,0)),"") | L29: =IFERROR(INDEX('3 Screen Updates'!$L$5:$L$39,MATCH($A29&"|"&L$6&"|"&$C$3,'3 Screen Updates'!$F$5:$F$39,0)),"") | M29: =IF(COUNT(F29:L29)=0,"",INDEX($F$6:$L$6,MATCH(IF($E29="Lower",MIN(F29:L29),MAX(F29:L29)),F29:L29,0))) | N29: =IF(OR(F29="",COUNT(F29:L29)=0),"",IF($E29="Lower",COUNTIF(F29:L29,"<"&F29),COUNTIF(F29:L29,">"&F29))+1) | O29: =COUNT(F29:L29) | P29: =IF(OR(F29="",COUNT(F29:L29)<2),"",IF($E29="Lower",IF(MIN(F29:L29)=0,"",(F29-MIN(F29:L29))/MIN(F29:L29)),IF(MAX(F29:L29)=0,"",(MAX(F29:L29)-F29)/MAX(F29:L29))))
A30: ='Metric Catalogue'!A28 | B30: ='Metric Catalogue'!B28 | C30: ='Metric Catalogue'!C28 | D30: ='Metric Catalogue'!D28 | E30: ='Metric Catalogue'!E28 | F30: =IFERROR(INDEX('3 Screen Updates'!$L$5:$L$39,MATCH($A30&"|"&F$6&"|"&$C$3,'3 Screen Updates'!$F$5:$F$39,0)),"") | G30: =IFERROR(INDEX('3 Screen Updates'!$L$5:$L$39,MATCH($A30&"|"&G$6&"|"&$C$3,'3 Screen Updates'!$F$5:$F$39,0)),"") | H30: =IFERROR(INDEX('3 Screen Updates'!$L$5:$L$39,MATCH($A30&"|"&H$6&"|"&$C$3,'3 Screen Updates'!$F$5:$F$39,0)),"") | I30: =IFERROR(INDEX('3 Screen Updates'!$L$5:$L$39,MATCH($A30&"|"&I$6&"|"&$C$3,'3 Screen Updates'!$F$5:$F$39,0)),"") | J30: =IFERROR(INDEX('3 Screen Updates'!$L$5:$L$39,MATCH($A30&"|"&J$6&"|"&$C$3,'3 Screen Updates'!$F$5:$F$39,0)),"") | K30: =IFERROR(INDEX('3 Screen Updates'!$L$5:$L$39,MATCH($A30&"|"&K$6&"|"&$C$3,'3 Screen Updates'!$F$5:$F$39,0)),"") | L30: =IFERROR(INDEX('3 Screen Updates'!$L$5:$L$39,MATCH($A30&"|"&L$6&"|"&$C$3,'3 Screen Updates'!$F$5:$F$39,0)),"") | M30: =IF(COUNT(F30:L30)=0,"",INDEX($F$6:$L$6,MATCH(IF($E30="Lower",MIN(F30:L30),MAX(F30:L30)),F30:L30,0))) | N30: =IF(OR(F30="",COUNT(F30:L30)=0),"",IF($E30="Lower",COUNTIF(F30:L30,"<"&F30),COUNTIF(F30:L30,">"&F30))+1) | O30: =COUNT(F30:L30) | P30: =IF(OR(F30="",COUNT(F30:L30)<2),"",IF($E30="Lower",IF(MIN(F30:L30)=0,"",(F30-MIN(F30:L30))/MIN(F30:L30)),IF(MAX(F30:L30)=0,"",(MAX(F30:L30)-F30)/MAX(F30:L30))))
A31: ='Metric Catalogue'!A29 | B31: ='Metric Catalogue'!B29 | C31: ='Metric Catalogue'!C29 | D31: ='Metric Catalogue'!D29 | E31: ='Metric Catalogue'!E29 | F31: =IFERROR(INDEX('3 Screen Updates'!$L$5:$L$39,MATCH($A31&"|"&F$6&"|"&$C$3,'3 Screen Updates'!$F$5:$F$39,0)),"") | G31: =IFERROR(INDEX('3 Screen Updates'!$L$5:$L$39,MATCH($A31&"|"&G$6&"|"&$C$3,'3 Screen Updates'!$F$5:$F$39,0)),"") | H31: =IFERROR(INDEX('3 Screen Updates'!$L$5:$L$39,MATCH($A31&"|"&H$6&"|"&$C$3,'3 Screen Updates'!$F$5:$F$39,0)),"") | I31: =IFERROR(INDEX('3 Screen Updates'!$L$5:$L$39,MATCH($A31&"|"&I$6&"|"&$C$3,'3 Screen Updates'!$F$5:$F$39,0)),"") | J31: =IFERROR(INDEX('3 Screen Updates'!$L$5:$L$39,MATCH($A31&"|"&J$6&"|"&$C$3,'3 Screen Updates'!$F$5:$F$39,0)),"") | K31: =IFERROR(INDEX('3 Screen Updates'!$L$5:$L$39,MATCH($A31&"|"&K$6&"|"&$C$3,'3 Screen Updates'!$F$5:$F$39,0)),"") | L31: =IFERROR(INDEX('3 Screen Updates'!$L$5:$L$39,MATCH($A31&"|"&L$6&"|"&$C$3,'3 Screen Updates'!$F$5:$F$39,0)),"") | M31: =IF(COUNT(F31:L31)=0,"",INDEX($F$6:$L$6,MATCH(IF($E31="Lower",MIN(F31:L31),MAX(F31:L31)),F31:L31,0))) | N31: =IF(OR(F31="",COUNT(F31:L31)=0),"",IF($E31="Lower",COUNTIF(F31:L31,"<"&F31),COUNTIF(F31:L31,">"&F31))+1) | O31: =COUNT(F31:L31) | P31: =IF(OR(F31="",COUNT(F31:L31)<2),"",IF($E31="Lower",IF(MIN(F31:L31)=0,"",(F31-MIN(F31:L31))/MIN(F31:L31)),IF(MAX(F31:L31)=0,"",(MAX(F31:L31)-F31)/MAX(F31:L31))))
A32: ='Metric Catalogue'!A30 | B32: ='Metric Catalogue'!B30 | C32: ='Metric Catalogue'!C30 | D32: ='Metric Catalogue'!D30 | E32: ='Metric Catalogue'!E30 | F32: =IFERROR(INDEX('3 Screen Updates'!$L$5:$L$39,MATCH($A32&"|"&F$6&"|"&$C$3,'3 Screen Updates'!$F$5:$F$39,0)),"") | G32: =IFERROR(INDEX('3 Screen Updates'!$L$5:$L$39,MATCH($A32&"|"&G$6&"|"&$C$3,'3 Screen Updates'!$F$5:$F$39,0)),"") | H32: =IFERROR(INDEX('3 Screen Updates'!$L$5:$L$39,MATCH($A32&"|"&H$6&"|"&$C$3,'3 Screen Updates'!$F$5:$F$39,0)),"") | I32: =IFERROR(INDEX('3 Screen Updates'!$L$5:$L$39,MATCH($A32&"|"&I$6&"|"&$C$3,'3 Screen Updates'!$F$5:$F$39,0)),"") | J32: =IFERROR(INDEX('3 Screen Updates'!$L$5:$L$39,MATCH($A32&"|"&J$6&"|"&$C$3,'3 Screen Updates'!$F$5:$F$39,0)),"") | K32: =IFERROR(INDEX('3 Screen Updates'!$L$5:$L$39,MATCH($A32&"|"&K$6&"|"&$C$3,'3 Screen Updates'!$F$5:$F$39,0)),"") | L32: =IFERROR(INDEX('3 Screen Updates'!$L$5:$L$39,MATCH($A32&"|"&L$6&"|"&$C$3,'3 Screen Updates'!$F$5:$F$39,0)),"") | M32: =IF(COUNT(F32:L32)=0,"",INDEX($F$6:$L$6,MATCH(IF($E32="Lower",MIN(F32:L32),MAX(F32:L32)),F32:L32,0))) | N32: =IF(OR(F32="",COUNT(F32:L32)=0),"",IF($E32="Lower",COUNTIF(F32:L32,"<"&F32),COUNTIF(F32:L32,">"&F32))+1) | O32: =COUNT(F32:L32) | P32: =IF(OR(F32="",COUNT(F32:L32)<2),"",IF($E32="Lower",IF(MIN(F32:L32)=0,"",(F32-MIN(F32:L32))/MIN(F32:L32)),IF(MAX(F32:L32)=0,"",(MAX(F32:L32)-F32)/MAX(F32:L32))))
A33: ='Metric Catalogue'!A31 | B33: ='Metric Catalogue'!B31 | C33: ='Metric Catalogue'!C31 | D33: ='Metric Catalogue'!D31 | E33: ='Metric Catalogue'!E31 | F33: =IFERROR(INDEX('3 Screen Updates'!$L$5:$L$39,MATCH($A33&"|"&F$6&"|"&$C$3,'3 Screen Updates'!$F$5:$F$39,0)),"") | G33: =IFERROR(INDEX('3 Screen Updates'!$L$5:$L$39,MATCH($A33&"|"&G$6&"|"&$C$3,'3 Screen Updates'!$F$5:$F$39,0)),"") | H33: =IFERROR(INDEX('3 Screen Updates'!$L$5:$L$39,MATCH($A33&"|"&H$6&"|"&$C$3,'3 Screen Updates'!$F$5:$F$39,0)),"") | I33: =IFERROR(INDEX('3 Screen Updates'!$L$5:$L$39,MATCH($A33&"|"&I$6&"|"&$C$3,'3 Screen Updates'!$F$5:$F$39,0)),"") | J33: =IFERROR(INDEX('3 Screen Updates'!$L$5:$L$39,MATCH($A33&"|"&J$6&"|"&$C$3,'3 Screen Updates'!$F$5:$F$39,0)),"") | K33: =IFERROR(INDEX('3 Screen Updates'!$L$5:$L$39,MATCH($A33&"|"&K$6&"|"&$C$3,'3 Screen Updates'!$F$5:$F$39,0)),"") | L33: =IFERROR(INDEX('3 Screen Updates'!$L$5:$L$39,MATCH($A33&"|"&L$6&"|"&$C$3,'3 Screen Updates'!$F$5:$F$39,0)),"") | M33: =IF(COUNT(F33:L33)=0,"",INDEX($F$6:$L$6,MATCH(IF($E33="Lower",MIN(F33:L33),MAX(F33:L33)),F33:L33,0))) | N33: =IF(OR(F33="",COUNT(F33:L33)=0),"",IF($E33="Lower",COUNTIF(F33:L33,"<"&F33),COUNTIF(F33:L33,">"&F33))+1) | O33: =COUNT(F33:L33) | P33: =IF(OR(F33="",COUNT(F33:L33)<2),"",IF($E33="Lower",IF(MIN(F33:L33)=0,"",(F33-MIN(F33:L33))/MIN(F33:L33)),IF(MAX(F33:L33)=0,"",(MAX(F33:L33)-F33)/MAX(F33:L33))))
A34: ='Metric Catalogue'!A32 | B34: ='Metric Catalogue'!B32 | C34: ='Metric Catalogue'!C32 | D34: ='Metric Catalogue'!D32 | E34: ='Metric Catalogue'!E32 | F34: =IFERROR(INDEX('4 Offline'!$C$14:$I$14,MATCH(F$6,'4 Offline'!$C$4:$I$4,0)),"") | G34: =IFERROR(INDEX('4 Offline'!$C$14:$I$14,MATCH(G$6,'4 Offline'!$C$4:$I$4,0)),"") | H34: =IFERROR(INDEX('4 Offline'!$C$14:$I$14,MATCH(H$6,'4 Offline'!$C$4:$I$4,0)),"") | I34: =IFERROR(INDEX('4 Offline'!$C$14:$I$14,MATCH(I$6,'4 Offline'!$C$4:$I$4,0)),"") | J34: =IFERROR(INDEX('4 Offline'!$C$14:$I$14,MATCH(J$6,'4 Offline'!$C$4:$I$4,0)),"") | K34: =IFERROR(INDEX('4 Offline'!$C$14:$I$14,MATCH(K$6,'4 Offline'!$C$4:$I$4,0)),"") | L34: =IFERROR(INDEX('4 Offline'!$C$14:$I$14,MATCH(L$6,'4 Offline'!$C$4:$I$4,0)),"") | M34: =IF(COUNT(F34:L34)=0,"",INDEX($F$6:$L$6,MATCH(IF($E34="Lower",MIN(F34:L34),MAX(F34:L34)),F34:L34,0))) | N34: =IF(OR(F34="",COUNT(F34:L34)=0),"",IF($E34="Lower",COUNTIF(F34:L34,"<"&F34),COUNTIF(F34:L34,">"&F34))+1) | O34: =COUNT(F34:L34) | P34: =IF(OR(F34="",COUNT(F34:L34)<2),"",IF($E34="Lower",IF(MIN(F34:L34)=0,"",(F34-MIN(F34:L34))/MIN(F34:L34)),IF(MAX(F34:L34)=0,"",(MAX(F34:L34)-F34)/MAX(F34:L34))))
A35: ='Metric Catalogue'!A33 | B35: ='Metric Catalogue'!B33 | C35: ='Metric Catalogue'!C33 | D35: ='Metric Catalogue'!D33 | E35: ='Metric Catalogue'!E33 | F35: =IFERROR(INDEX('5 Data Pointers'!$D$14:$J$14,MATCH(F$6,'5 Data Pointers'!$D$4:$J$4,0)),"") | G35: =IFERROR(INDEX('5 Data Pointers'!$D$14:$J$14,MATCH(G$6,'5 Data Pointers'!$D$4:$J$4,0)),"") | H35: =IFERROR(INDEX('5 Data Pointers'!$D$14:$J$14,MATCH(H$6,'5 Data Pointers'!$D$4:$J$4,0)),"") | I35: =IFERROR(INDEX('5 Data Pointers'!$D$14:$J$14,MATCH(I$6,'5 Data Pointers'!$D$4:$J$4,0)),"") | J35: =IFERROR(INDEX('5 Data Pointers'!$D$14:$J$14,MATCH(J$6,'5 Data Pointers'!$D$4:$J$4,0)),"") | K35: =IFERROR(INDEX('5 Data Pointers'!$D$14:$J$14,MATCH(K$6,'5 Data Pointers'!$D$4:$J$4,0)),"") | L35: =IFERROR(INDEX('5 Data Pointers'!$D$14:$J$14,MATCH(L$6,'5 Data Pointers'!$D$4:$J$4,0)),"") | M35: =IF(COUNT(F35:L35)=0,"",INDEX($F$6:$L$6,MATCH(IF($E35="Lower",MIN(F35:L35),MAX(F35:L35)),F35:L35,0))) | N35: =IF(OR(F35="",COUNT(F35:L35)=0),"",IF($E35="Lower",COUNTIF(F35:L35,"<"&F35),COUNTIF(F35:L35,">"&F35))+1) | O35: =COUNT(F35:L35) | P35: =IF(OR(F35="",COUNT(F35:L35)<2),"",IF($E35="Lower",IF(MIN(F35:L35)=0,"",(F35-MIN(F35:L35))/MIN(F35:L35)),IF(MAX(F35:L35)=0,"",(MAX(F35:L35)-F35)/MAX(F35:L35))))
A36: ='Metric Catalogue'!A34 | B36: ='Metric Catalogue'!B34 | C36: ='Metric Catalogue'!C34 | D36: ='Metric Catalogue'!D34 | E36: ='Metric Catalogue'!E34 | F36: =IFERROR(IF(INDEX('6 SDKs'!$B$5:$B$11,MATCH(F$6,'6 SDKs'!$A$5:$A$11,0))="","",INDEX('6 SDKs'!$B$5:$B$11,MATCH(F$6,'6 SDKs'!$A$5:$A$11,0))),"") | G36: =IFERROR(IF(INDEX('6 SDKs'!$B$5:$B$11,MATCH(G$6,'6 SDKs'!$A$5:$A$11,0))="","",INDEX('6 SDKs'!$B$5:$B$11,MATCH(G$6,'6 SDKs'!$A$5:$A$11,0))),"") | H36: =IFERROR(IF(INDEX('6 SDKs'!$B$5:$B$11,MATCH(H$6,'6 SDKs'!$A$5:$A$11,0))="","",INDEX('6 SDKs'!$B$5:$B$11,MATCH(H$6,'6 SDKs'!$A$5:$A$11,0))),"") | I36: =IFERROR(IF(INDEX('6 SDKs'!$B$5:$B$11,MATCH(I$6,'6 SDKs'!$A$5:$A$11,0))="","",INDEX('6 SDKs'!$B$5:$B$11,MATCH(I$6,'6 SDKs'!$A$5:$A$11,0))),"") | J36: =IFERROR(IF(INDEX('6 SDKs'!$B$5:$B$11,MATCH(J$6,'6 SDKs'!$A$5:$A$11,0))="","",INDEX('6 SDKs'!$B$5:$B$11,MATCH(J$6,'6 SDKs'!$A$5:$A$11,0))),"") | K36: =IFERROR(IF(INDEX('6 SDKs'!$B$5:$B$11,MATCH(K$6,'6 SDKs'!$A$5:$A$11,0))="","",INDEX('6 SDKs'!$B$5:$B$11,MATCH(K$6,'6 SDKs'!$A$5:$A$11,0))),"") | L36: =IFERROR(IF(INDEX('6 SDKs'!$B$5:$B$11,MATCH(L$6,'6 SDKs'!$A$5:$A$11,0))="","",INDEX('6 SDKs'!$B$5:$B$11,MATCH(L$6,'6 SDKs'!$A$5:$A$11,0))),"") | M36: =IF(COUNT(F36:L36)=0,"",INDEX($F$6:$L$6,MATCH(IF($E36="Lower",MIN(F36:L36),MAX(F36:L36)),F36:L36,0))) | N36: =IF(OR(F36="",COUNT(F36:L36)=0),"",IF($E36="Lower",COUNTIF(F36:L36,"<"&F36),COUNTIF(F36:L36,">"&F36))+1) | O36: =COUNT(F36:L36) | P36: =IF(OR(F36="",COUNT(F36:L36)<2),"",IF($E36="Lower",IF(MIN(F36:L36)=0,"",(F36-MIN(F36:L36))/MIN(F36:L36)),IF(MAX(F36:L36)=0,"",(MAX(F36:L36)-F36)/MAX(F36:L36))))
A37: ='Metric Catalogue'!A35 | B37: ='Metric Catalogue'!B35 | C37: ='Metric Catalogue'!C35 | D37: ='Metric Catalogue'!D35 | E37: ='Metric Catalogue'!E35 | F37: =IFERROR(IF(INDEX('6 SDKs'!$C$5:$C$11,MATCH(F$6,'6 SDKs'!$A$5:$A$11,0))="","",INDEX('6 SDKs'!$C$5:$C$11,MATCH(F$6,'6 SDKs'!$A$5:$A$11,0))),"") | G37: =IFERROR(IF(INDEX('6 SDKs'!$C$5:$C$11,MATCH(G$6,'6 SDKs'!$A$5:$A$11,0))="","",INDEX('6 SDKs'!$C$5:$C$11,MATCH(G$6,'6 SDKs'!$A$5:$A$11,0))),"") | H37: =IFERROR(IF(INDEX('6 SDKs'!$C$5:$C$11,MATCH(H$6,'6 SDKs'!$A$5:$A$11,0))="","",INDEX('6 SDKs'!$C$5:$C$11,MATCH(H$6,'6 SDKs'!$A$5:$A$11,0))),"") | I37: =IFERROR(IF(INDEX('6 SDKs'!$C$5:$C$11,MATCH(I$6,'6 SDKs'!$A$5:$A$11,0))="","",INDEX('6 SDKs'!$C$5:$C$11,MATCH(I$6,'6 SDKs'!$A$5:$A$11,0))),"") | J37: =IFERROR(IF(INDEX('6 SDKs'!$C$5:$C$11,MATCH(J$6,'6 SDKs'!$A$5:$A$11,0))="","",INDEX('6 SDKs'!$C$5:$C$11,MATCH(J$6,'6 SDKs'!$A$5:$A$11,0))),"") | K37: =IFERROR(IF(INDEX('6 SDKs'!$C$5:$C$11,MATCH(K$6,'6 SDKs'!$A$5:$A$11,0))="","",INDEX('6 SDKs'!$C$5:$C$11,MATCH(K$6,'6 SDKs'!$A$5:$A$11,0))),"") | L37: =IFERROR(IF(INDEX('6 SDKs'!$C$5:$C$11,MATCH(L$6,'6 SDKs'!$A$5:$A$11,0))="","",INDEX('6 SDKs'!$C$5:$C$11,MATCH(L$6,'6 SDKs'!$A$5:$A$11,0))),"") | M37: =IF(COUNT(F37:L37)=0,"",INDEX($F$6:$L$6,MATCH(IF($E37="Lower",MIN(F37:L37),MAX(F37:L37)),F37:L37,0))) | N37: =IF(OR(F37="",COUNT(F37:L37)=0),"",IF($E37="Lower",COUNTIF(F37:L37,"<"&F37),COUNTIF(F37:L37,">"&F37))+1) | O37: =COUNT(F37:L37) | P37: =IF(OR(F37="",COUNT(F37:L37)<2),"",IF($E37="Lower",IF(MIN(F37:L37)=0,"",(F37-MIN(F37:L37))/MIN(F37:L37)),IF(MAX(F37:L37)=0,"",(MAX(F37:L37)-F37)/MAX(F37:L37))))
A38: ='Metric Catalogue'!A36 | B38: ='Metric Catalogue'!B36 | C38: ='Metric Catalogue'!C36 | D38: ='Metric Catalogue'!D36 | E38: ='Metric Catalogue'!E36 | F38: =IFERROR(IF(INDEX('6 SDKs'!$D$5:$D$11,MATCH(F$6,'6 SDKs'!$A$5:$A$11,0))="","",INDEX('6 SDKs'!$D$5:$D$11,MATCH(F$6,'6 SDKs'!$A$5:$A$11,0))),"") | G38: =IFERROR(IF(INDEX('6 SDKs'!$D$5:$D$11,MATCH(G$6,'6 SDKs'!$A$5:$A$11,0))="","",INDEX('6 SDKs'!$D$5:$D$11,MATCH(G$6,'6 SDKs'!$A$5:$A$11,0))),"") | H38: =IFERROR(IF(INDEX('6 SDKs'!$D$5:$D$11,MATCH(H$6,'6 SDKs'!$A$5:$A$11,0))="","",INDEX('6 SDKs'!$D$5:$D$11,MATCH(H$6,'6 SDKs'!$A$5:$A$11,0))),"") | I38: =IFERROR(IF(INDEX('6 SDKs'!$D$5:$D$11,MATCH(I$6,'6 SDKs'!$A$5:$A$11,0))="","",INDEX('6 SDKs'!$D$5:$D$11,MATCH(I$6,'6 SDKs'!$A$5:$A$11,0))),"") | J38: =IFERROR(IF(INDEX('6 SDKs'!$D$5:$D$11,MATCH(J$6,'6 SDKs'!$A$5:$A$11,0))="","",INDEX('6 SDKs'!$D$5:$D$11,MATCH(J$6,'6 SDKs'!$A$5:$A$11,0))),"") | K38: =IFERROR(IF(INDEX('6 SDKs'!$D$5:$D$11,MATCH(K$6,'6 SDKs'!$A$5:$A$11,0))="","",INDEX('6 SDKs'!$D$5:$D$11,MATCH(K$6,'6 SDKs'!$A$5:$A$11,0))),"") | L38: =IFERROR(IF(INDEX('6 SDKs'!$D$5:$D$11,MATCH(L$6,'6 SDKs'!$A$5:$A$11,0))="","",INDEX('6 SDKs'!$D$5:$D$11,MATCH(L$6,'6 SDKs'!$A$5:$A$11,0))),"") | M38: =IF(COUNT(F38:L38)=0,"",INDEX($F$6:$L$6,MATCH(IF($E38="Lower",MIN(F38:L38),MAX(F38:L38)),F38:L38,0))) | N38: =IF(OR(F38="",COUNT(F38:L38)=0),"",IF($E38="Lower",COUNTIF(F38:L38,"<"&F38),COUNTIF(F38:L38,">"&F38))+1) | O38: =COUNT(F38:L38) | P38: =IF(OR(F38="",COUNT(F38:L38)<2),"",IF($E38="Lower",IF(MIN(F38:L38)=0,"",(F38-MIN(F38:L38))/MIN(F38:L38)),IF(MAX(F38:L38)=0,"",(MAX(F38:L38)-F38)/MAX(F38:L38))))
A39: ='Metric Catalogue'!A37 | B39: ='Metric Catalogue'!B37 | C39: ='Metric Catalogue'!C37 | D39: ='Metric Catalogue'!D37 | E39: ='Metric Catalogue'!E37 | F39: =IFERROR(IF(INDEX('6 SDKs'!$E$5:$E$11,MATCH(F$6,'6 SDKs'!$A$5:$A$11,0))="","",INDEX('6 SDKs'!$E$5:$E$11,MATCH(F$6,'6 SDKs'!$A$5:$A$11,0))),"") | G39: =IFERROR(IF(INDEX('6 SDKs'!$E$5:$E$11,MATCH(G$6,'6 SDKs'!$A$5:$A$11,0))="","",INDEX('6 SDKs'!$E$5:$E$11,MATCH(G$6,'6 SDKs'!$A$5:$A$11,0))),"") | H39: =IFERROR(IF(INDEX('6 SDKs'!$E$5:$E$11,MATCH(H$6,'6 SDKs'!$A$5:$A$11,0))="","",INDEX('6 SDKs'!$E$5:$E$11,MATCH(H$6,'6 SDKs'!$A$5:$A$11,0))),"") | I39: =IFERROR(IF(INDEX('6 SDKs'!$E$5:$E$11,MATCH(I$6,'6 SDKs'!$A$5:$A$11,0))="","",INDEX('6 SDKs'!$E$5:$E$11,MATCH(I$6,'6 SDKs'!$A$5:$A$11,0))),"") | J39: =IFERROR(IF(INDEX('6 SDKs'!$E$5:$E$11,MATCH(J$6,'6 SDKs'!$A$5:$A$11,0))="","",INDEX('6 SDKs'!$E$5:$E$11,MATCH(J$6,'6 SDKs'!$A$5:$A$11,0))),"") | K39: =IFERROR(IF(INDEX('6 SDKs'!$E$5:$E$11,MATCH(K$6,'6 SDKs'!$A$5:$A$11,0))="","",INDEX('6 SDKs'!$E$5:$E$11,MATCH(K$6,'6 SDKs'!$A$5:$A$11,0))),"") | L39: =IFERROR(IF(INDEX('6 SDKs'!$E$5:$E$11,MATCH(L$6,'6 SDKs'!$A$5:$A$11,0))="","",INDEX('6 SDKs'!$E$5:$E$11,MATCH(L$6,'6 SDKs'!$A$5:$A$11,0))),"") | M39: =IF(COUNT(F39:L39)=0,"",INDEX($F$6:$L$6,MATCH(IF($E39="Lower",MIN(F39:L39),MAX(F39:L39)),F39:L39,0))) | N39: =IF(OR(F39="",COUNT(F39:L39)=0),"",IF($E39="Lower",COUNTIF(F39:L39,"<"&F39),COUNTIF(F39:L39,">"&F39))+1) | O39: =COUNT(F39:L39) | P39: =IF(OR(F39="",COUNT(F39:L39)<2),"",IF($E39="Lower",IF(MIN(F39:L39)=0,"",(F39-MIN(F39:L39))/MIN(F39:L39)),IF(MAX(F39:L39)=0,"",(MAX(F39:L39)-F39)/MAX(F39:L39))))
A40: ='Metric Catalogue'!A38 | B40: ='Metric Catalogue'!B38 | C40: ='Metric Catalogue'!C38 | D40: ='Metric Catalogue'!D38 | E40: ='Metric Catalogue'!E38 | F40: =IFERROR(INDEX('7 RAM & Storage'!$L$5:$L$67,MATCH($A40&"|"&F$6&"|"&$C$3,'7 RAM & Storage'!$F$5:$F$67,0)),"") | G40: =IFERROR(INDEX('7 RAM & Storage'!$L$5:$L$67,MATCH($A40&"|"&G$6&"|"&$C$3,'7 RAM & Storage'!$F$5:$F$67,0)),"") | H40: =IFERROR(INDEX('7 RAM & Storage'!$L$5:$L$67,MATCH($A40&"|"&H$6&"|"&$C$3,'7 RAM & Storage'!$F$5:$F$67,0)),"") | I40: =IFERROR(INDEX('7 RAM & Storage'!$L$5:$L$67,MATCH($A40&"|"&I$6&"|"&$C$3,'7 RAM & Storage'!$F$5:$F$67,0)),"") | J40: =IFERROR(INDEX('7 RAM & Storage'!$L$5:$L$67,MATCH($A40&"|"&J$6&"|"&$C$3,'7 RAM & Storage'!$F$5:$F$67,0)),"") | K40: =IFERROR(INDEX('7 RAM & Storage'!$L$5:$L$67,MATCH($A40&"|"&K$6&"|"&$C$3,'7 RAM & Storage'!$F$5:$F$67,0)),"") | L40: =IFERROR(INDEX('7 RAM & Storage'!$L$5:$L$67,MATCH($A40&"|"&L$6&"|"&$C$3,'7 RAM & Storage'!$F$5:$F$67,0)),"") | M40: =IF(COUNT(F40:L40)=0,"",INDEX($F$6:$L$6,MATCH(IF($E40="Lower",MIN(F40:L40),MAX(F40:L40)),F40:L40,0))) | N40: =IF(OR(F40="",COUNT(F40:L40)=0),"",IF($E40="Lower",COUNTIF(F40:L40,"<"&F40),COUNTIF(F40:L40,">"&F40))+1) | O40: =COUNT(F40:L40) | P40: =IF(OR(F40="",COUNT(F40:L40)<2),"",IF($E40="Lower",IF(MIN(F40:L40)=0,"",(F40-MIN(F40:L40))/MIN(F40:L40)),IF(MAX(F40:L40)=0,"",(MAX(F40:L40)-F40)/MAX(F40:L40))))
A41: ='Metric Catalogue'!A39 | B41: ='Metric Catalogue'!B39 | C41: ='Metric Catalogue'!C39 | D41: ='Metric Catalogue'!D39 | E41: ='Metric Catalogue'!E39 | F41: =IFERROR(INDEX('7 RAM & Storage'!$L$5:$L$67,MATCH($A41&"|"&F$6&"|"&$C$3,'7 RAM & Storage'!$F$5:$F$67,0)),"") | G41: =IFERROR(INDEX('7 RAM & Storage'!$L$5:$L$67,MATCH($A41&"|"&G$6&"|"&$C$3,'7 RAM & Storage'!$F$5:$F$67,0)),"") | H41: =IFERROR(INDEX('7 RAM & Storage'!$L$5:$L$67,MATCH($A41&"|"&H$6&"|"&$C$3,'7 RAM & Storage'!$F$5:$F$67,0)),"") | I41: =IFERROR(INDEX('7 RAM & Storage'!$L$5:$L$67,MATCH($A41&"|"&I$6&"|"&$C$3,'7 RAM & Storage'!$F$5:$F$67,0)),"") | J41: =IFERROR(INDEX('7 RAM & Storage'!$L$5:$L$67,MATCH($A41&"|"&J$6&"|"&$C$3,'7 RAM & Storage'!$F$5:$F$67,0)),"") | K41: =IFERROR(INDEX('7 RAM & Storage'!$L$5:$L$67,MATCH($A41&"|"&K$6&"|"&$C$3,'7 RAM & Storage'!$F$5:$F$67,0)),"") | L41: =IFERROR(INDEX('7 RAM & Storage'!$L$5:$L$67,MATCH($A41&"|"&L$6&"|"&$C$3,'7 RAM & Storage'!$F$5:$F$67,0)),"") | M41: =IF(COUNT(F41:L41)=0,"",INDEX($F$6:$L$6,MATCH(IF($E41="Lower",MIN(F41:L41),MAX(F41:L41)),F41:L41,0))) | N41: =IF(OR(F41="",COUNT(F41:L41)=0),"",IF($E41="Lower",COUNTIF(F41:L41,"<"&F41),COUNTIF(F41:L41,">"&F41))+1) | O41: =COUNT(F41:L41) | P41: =IF(OR(F41="",COUNT(F41:L41)<2),"",IF($E41="Lower",IF(MIN(F41:L41)=0,"",(F41-MIN(F41:L41))/MIN(F41:L41)),IF(MAX(F41:L41)=0,"",(MAX(F41:L41)-F41)/MAX(F41:L41))))
A42: ='Metric Catalogue'!A40 | B42: ='Metric Catalogue'!B40 | C42: ='Metric Catalogue'!C40 | D42: ='Metric Catalogue'!D40 | E42: ='Metric Catalogue'!E40 | F42: =IFERROR(INDEX('7 RAM & Storage'!$L$5:$L$67,MATCH($A42&"|"&F$6&"|"&$C$3,'7 RAM & Storage'!$F$5:$F$67,0)),"") | G42: =IFERROR(INDEX('7 RAM & Storage'!$L$5:$L$67,MATCH($A42&"|"&G$6&"|"&$C$3,'7 RAM & Storage'!$F$5:$F$67,0)),"") | H42: =IFERROR(INDEX('7 RAM & Storage'!$L$5:$L$67,MATCH($A42&"|"&H$6&"|"&$C$3,'7 RAM & Storage'!$F$5:$F$67,0)),"") | I42: =IFERROR(INDEX('7 RAM & Storage'!$L$5:$L$67,MATCH($A42&"|"&I$6&"|"&$C$3,'7 RAM & Storage'!$F$5:$F$67,0)),"") | J42: =IFERROR(INDEX('7 RAM & Storage'!$L$5:$L$67,MATCH($A42&"|"&J$6&"|"&$C$3,'7 RAM & Storage'!$F$5:$F$67,0)),"") | K42: =IFERROR(INDEX('7 RAM & Storage'!$L$5:$L$67,MATCH($A42&"|"&K$6&"|"&$C$3,'7 RAM & Storage'!$F$5:$F$67,0)),"") | L42: =IFERROR(INDEX('7 RAM & Storage'!$L$5:$L$67,MATCH($A42&"|"&L$6&"|"&$C$3,'7 RAM & Storage'!$F$5:$F$67,0)),"") | M42: =IF(COUNT(F42:L42)=0,"",INDEX($F$6:$L$6,MATCH(IF($E42="Lower",MIN(F42:L42),MAX(F42:L42)),F42:L42,0))) | N42: =IF(OR(F42="",COUNT(F42:L42)=0),"",IF($E42="Lower",COUNTIF(F42:L42,"<"&F42),COUNTIF(F42:L42,">"&F42))+1) | O42: =COUNT(F42:L42) | P42: =IF(OR(F42="",COUNT(F42:L42)<2),"",IF($E42="Lower",IF(MIN(F42:L42)=0,"",(F42-MIN(F42:L42))/MIN(F42:L42)),IF(MAX(F42:L42)=0,"",(MAX(F42:L42)-F42)/MAX(F42:L42))))
A43: ='Metric Catalogue'!A41 | B43: ='Metric Catalogue'!B41 | C43: ='Metric Catalogue'!C41 | D43: ='Metric Catalogue'!D41 | E43: ='Metric Catalogue'!E41 | F43: =IFERROR(INDEX('7 RAM & Storage'!$L$5:$L$67,MATCH($A43&"|"&F$6&"|"&$C$3,'7 RAM & Storage'!$F$5:$F$67,0)),"") | G43: =IFERROR(INDEX('7 RAM & Storage'!$L$5:$L$67,MATCH($A43&"|"&G$6&"|"&$C$3,'7 RAM & Storage'!$F$5:$F$67,0)),"") | H43: =IFERROR(INDEX('7 RAM & Storage'!$L$5:$L$67,MATCH($A43&"|"&H$6&"|"&$C$3,'7 RAM & Storage'!$F$5:$F$67,0)),"") | I43: =IFERROR(INDEX('7 RAM & Storage'!$L$5:$L$67,MATCH($A43&"|"&I$6&"|"&$C$3,'7 RAM & Storage'!$F$5:$F$67,0)),"") | J43: =IFERROR(INDEX('7 RAM & Storage'!$L$5:$L$67,MATCH($A43&"|"&J$6&"|"&$C$3,'7 RAM & Storage'!$F$5:$F$67,0)),"") | K43: =IFERROR(INDEX('7 RAM & Storage'!$L$5:$L$67,MATCH($A43&"|"&K$6&"|"&$C$3,'7 RAM & Storage'!$F$5:$F$67,0)),"") | L43: =IFERROR(INDEX('7 RAM & Storage'!$L$5:$L$67,MATCH($A43&"|"&L$6&"|"&$C$3,'7 RAM & Storage'!$F$5:$F$67,0)),"") | M43: =IF(COUNT(F43:L43)=0,"",INDEX($F$6:$L$6,MATCH(IF($E43="Lower",MIN(F43:L43),MAX(F43:L43)),F43:L43,0))) | N43: =IF(OR(F43="",COUNT(F43:L43)=0),"",IF($E43="Lower",COUNTIF(F43:L43,"<"&F43),COUNTIF(F43:L43,">"&F43))+1) | O43: =COUNT(F43:L43) | P43: =IF(OR(F43="",COUNT(F43:L43)<2),"",IF($E43="Lower",IF(MIN(F43:L43)=0,"",(F43-MIN(F43:L43))/MIN(F43:L43)),IF(MAX(F43:L43)=0,"",(MAX(F43:L43)-F43)/MAX(F43:L43))))
A44: ='Metric Catalogue'!A42 | B44: ='Metric Catalogue'!B42 | C44: ='Metric Catalogue'!C42 | D44: ='Metric Catalogue'!D42 | E44: ='Metric Catalogue'!E42 | F44: =IFERROR(INDEX('7 RAM & Storage'!$L$5:$L$67,MATCH($A44&"|"&F$6&"|"&$C$3,'7 RAM & Storage'!$F$5:$F$67,0)),"") | G44: =IFERROR(INDEX('7 RAM & Storage'!$L$5:$L$67,MATCH($A44&"|"&G$6&"|"&$C$3,'7 RAM & Storage'!$F$5:$F$67,0)),"") | H44: =IFERROR(INDEX('7 RAM & Storage'!$L$5:$L$67,MATCH($A44&"|"&H$6&"|"&$C$3,'7 RAM & Storage'!$F$5:$F$67,0)),"") | I44: =IFERROR(INDEX('7 RAM & Storage'!$L$5:$L$67,MATCH($A44&"|"&I$6&"|"&$C$3,'7 RAM & Storage'!$F$5:$F$67,0)),"") | J44: =IFERROR(INDEX('7 RAM & Storage'!$L$5:$L$67,MATCH($A44&"|"&J$6&"|"&$C$3,'7 RAM & Storage'!$F$5:$F$67,0)),"") | K44: =IFERROR(INDEX('7 RAM & Storage'!$L$5:$L$67,MATCH($A44&"|"&K$6&"|"&$C$3,'7 RAM & Storage'!$F$5:$F$67,0)),"") | L44: =IFERROR(INDEX('7 RAM & Storage'!$L$5:$L$67,MATCH($A44&"|"&L$6&"|"&$C$3,'7 RAM & Storage'!$F$5:$F$67,0)),"") | M44: =IF(COUNT(F44:L44)=0,"",INDEX($F$6:$L$6,MATCH(IF($E44="Lower",MIN(F44:L44),MAX(F44:L44)),F44:L44,0))) | N44: =IF(OR(F44="",COUNT(F44:L44)=0),"",IF($E44="Lower",COUNTIF(F44:L44,"<"&F44),COUNTIF(F44:L44,">"&F44))+1) | O44: =COUNT(F44:L44) | P44: =IF(OR(F44="",COUNT(F44:L44)<2),"",IF($E44="Lower",IF(MIN(F44:L44)=0,"",(F44-MIN(F44:L44))/MIN(F44:L44)),IF(MAX(F44:L44)=0,"",(MAX(F44:L44)-F44)/MAX(F44:L44))))
A45: ='Metric Catalogue'!A43 | B45: ='Metric Catalogue'!B43 | C45: ='Metric Catalogue'!C43 | D45: ='Metric Catalogue'!D43 | E45: ='Metric Catalogue'!E43 | F45: =IFERROR(INDEX('7 RAM & Storage'!$L$5:$L$67,MATCH($A45&"|"&F$6&"|"&$C$3,'7 RAM & Storage'!$F$5:$F$67,0)),"") | G45: =IFERROR(INDEX('7 RAM & Storage'!$L$5:$L$67,MATCH($A45&"|"&G$6&"|"&$C$3,'7 RAM & Storage'!$F$5:$F$67,0)),"") | H45: =IFERROR(INDEX('7 RAM & Storage'!$L$5:$L$67,MATCH($A45&"|"&H$6&"|"&$C$3,'7 RAM & Storage'!$F$5:$F$67,0)),"") | I45: =IFERROR(INDEX('7 RAM & Storage'!$L$5:$L$67,MATCH($A45&"|"&I$6&"|"&$C$3,'7 RAM & Storage'!$F$5:$F$67,0)),"") | J45: =IFERROR(INDEX('7 RAM & Storage'!$L$5:$L$67,MATCH($A45&"|"&J$6&"|"&$C$3,'7 RAM & Storage'!$F$5:$F$67,0)),"") | K45: =IFERROR(INDEX('7 RAM & Storage'!$L$5:$L$67,MATCH($A45&"|"&K$6&"|"&$C$3,'7 RAM & Storage'!$F$5:$F$67,0)),"") | L45: =IFERROR(INDEX('7 RAM & Storage'!$L$5:$L$67,MATCH($A45&"|"&L$6&"|"&$C$3,'7 RAM & Storage'!$F$5:$F$67,0)),"") | M45: =IF(COUNT(F45:L45)=0,"",INDEX($F$6:$L$6,MATCH(IF($E45="Lower",MIN(F45:L45),MAX(F45:L45)),F45:L45,0))) | N45: =IF(OR(F45="",COUNT(F45:L45)=0),"",IF($E45="Lower",COUNTIF(F45:L45,"<"&F45),COUNTIF(F45:L45,">"&F45))+1) | O45: =COUNT(F45:L45) | P45: =IF(OR(F45="",COUNT(F45:L45)<2),"",IF($E45="Lower",IF(MIN(F45:L45)=0,"",(F45-MIN(F45:L45))/MIN(F45:L45)),IF(MAX(F45:L45)=0,"",(MAX(F45:L45)-F45)/MAX(F45:L45))))
A46: ='Metric Catalogue'!A44 | B46: ='Metric Catalogue'!B44 | C46: ='Metric Catalogue'!C44 | D46: ='Metric Catalogue'!D44 | E46: ='Metric Catalogue'!E44 | F46: =IFERROR(INDEX('7 RAM & Storage'!$L$5:$L$67,MATCH($A46&"|"&F$6&"|"&$C$3,'7 RAM & Storage'!$F$5:$F$67,0)),"") | G46: =IFERROR(INDEX('7 RAM & Storage'!$L$5:$L$67,MATCH($A46&"|"&G$6&"|"&$C$3,'7 RAM & Storage'!$F$5:$F$67,0)),"") | H46: =IFERROR(INDEX('7 RAM & Storage'!$L$5:$L$67,MATCH($A46&"|"&H$6&"|"&$C$3,'7 RAM & Storage'!$F$5:$F$67,0)),"") | I46: =IFERROR(INDEX('7 RAM & Storage'!$L$5:$L$67,MATCH($A46&"|"&I$6&"|"&$C$3,'7 RAM & Storage'!$F$5:$F$67,0)),"") | J46: =IFERROR(INDEX('7 RAM & Storage'!$L$5:$L$67,MATCH($A46&"|"&J$6&"|"&$C$3,'7 RAM & Storage'!$F$5:$F$67,0)),"") | K46: =IFERROR(INDEX('7 RAM & Storage'!$L$5:$L$67,MATCH($A46&"|"&K$6&"|"&$C$3,'7 RAM & Storage'!$F$5:$F$67,0)),"") | L46: =IFERROR(INDEX('7 RAM & Storage'!$L$5:$L$67,MATCH($A46&"|"&L$6&"|"&$C$3,'7 RAM & Storage'!$F$5:$F$67,0)),"") | M46: =IF(COUNT(F46:L46)=0,"",INDEX($F$6:$L$6,MATCH(IF($E46="Lower",MIN(F46:L46),MAX(F46:L46)),F46:L46,0))) | N46: =IF(OR(F46="",COUNT(F46:L46)=0),"",IF($E46="Lower",COUNTIF(F46:L46,"<"&F46),COUNTIF(F46:L46,">"&F46))+1) | O46: =COUNT(F46:L46) | P46: =IF(OR(F46="",COUNT(F46:L46)<2),"",IF($E46="Lower",IF(MIN(F46:L46)=0,"",(F46-MIN(F46:L46))/MIN(F46:L46)),IF(MAX(F46:L46)=0,"",(MAX(F46:L46)-F46)/MAX(F46:L46))))
A47: ='Metric Catalogue'!A45 | B47: ='Metric Catalogue'!B45 | C47: ='Metric Catalogue'!C45 | D47: ='Metric Catalogue'!D45 | E47: ='Metric Catalogue'!E45 | F47: =IFERROR(INDEX('7 RAM & Storage'!$L$5:$L$67,MATCH($A47&"|"&F$6&"|"&$C$3,'7 RAM & Storage'!$F$5:$F$67,0)),"") | G47: =IFERROR(INDEX('7 RAM & Storage'!$L$5:$L$67,MATCH($A47&"|"&G$6&"|"&$C$3,'7 RAM & Storage'!$F$5:$F$67,0)),"") | H47: =IFERROR(INDEX('7 RAM & Storage'!$L$5:$L$67,MATCH($A47&"|"&H$6&"|"&$C$3,'7 RAM & Storage'!$F$5:$F$67,0)),"") | I47: =IFERROR(INDEX('7 RAM & Storage'!$L$5:$L$67,MATCH($A47&"|"&I$6&"|"&$C$3,'7 RAM & Storage'!$F$5:$F$67,0)),"") | J47: =IFERROR(INDEX('7 RAM & Storage'!$L$5:$L$67,MATCH($A47&"|"&J$6&"|"&$C$3,'7 RAM & Storage'!$F$5:$F$67,0)),"") | K47: =IFERROR(INDEX('7 RAM & Storage'!$L$5:$L$67,MATCH($A47&"|"&K$6&"|"&$C$3,'7 RAM & Storage'!$F$5:$F$67,0)),"") | L47: =IFERROR(INDEX('7 RAM & Storage'!$L$5:$L$67,MATCH($A47&"|"&L$6&"|"&$C$3,'7 RAM & Storage'!$F$5:$F$67,0)),"") | M47: =IF(COUNT(F47:L47)=0,"",INDEX($F$6:$L$6,MATCH(IF($E47="Lower",MIN(F47:L47),MAX(F47:L47)),F47:L47,0))) | N47: =IF(OR(F47="",COUNT(F47:L47)=0),"",IF($E47="Lower",COUNTIF(F47:L47,"<"&F47),COUNTIF(F47:L47,">"&F47))+1) | O47: =COUNT(F47:L47) | P47: =IF(OR(F47="",COUNT(F47:L47)<2),"",IF($E47="Lower",IF(MIN(F47:L47)=0,"",(F47-MIN(F47:L47))/MIN(F47:L47)),IF(MAX(F47:L47)=0,"",(MAX(F47:L47)-F47)/MAX(F47:L47))))
A48: ='Metric Catalogue'!A46 | B48: ='Metric Catalogue'!B46 | C48: ='Metric Catalogue'!C46 | D48: ='Metric Catalogue'!D46 | E48: ='Metric Catalogue'!E46 | F48: =IFERROR(INDEX('7 RAM & Storage'!$L$5:$L$67,MATCH($A48&"|"&F$6&"|"&$C$3,'7 RAM & Storage'!$F$5:$F$67,0)),"") | G48: =IFERROR(INDEX('7 RAM & Storage'!$L$5:$L$67,MATCH($A48&"|"&G$6&"|"&$C$3,'7 RAM & Storage'!$F$5:$F$67,0)),"") | H48: =IFERROR(INDEX('7 RAM & Storage'!$L$5:$L$67,MATCH($A48&"|"&H$6&"|"&$C$3,'7 RAM & Storage'!$F$5:$F$67,0)),"") | I48: =IFERROR(INDEX('7 RAM & Storage'!$L$5:$L$67,MATCH($A48&"|"&I$6&"|"&$C$3,'7 RAM & Storage'!$F$5:$F$67,0)),"") | J48: =IFERROR(INDEX('7 RAM & Storage'!$L$5:$L$67,MATCH($A48&"|"&J$6&"|"&$C$3,'7 RAM & Storage'!$F$5:$F$67,0)),"") | K48: =IFERROR(INDEX('7 RAM & Storage'!$L$5:$L$67,MATCH($A48&"|"&K$6&"|"&$C$3,'7 RAM & Storage'!$F$5:$F$67,0)),"") | L48: =IFERROR(INDEX('7 RAM & Storage'!$L$5:$L$67,MATCH($A48&"|"&L$6&"|"&$C$3,'7 RAM & Storage'!$F$5:$F$67,0)),"") | M48: =IF(COUNT(F48:L48)=0,"",INDEX($F$6:$L$6,MATCH(IF($E48="Lower",MIN(F48:L48),MAX(F48:L48)),F48:L48,0))) | N48: =IF(OR(F48="",COUNT(F48:L48)=0),"",IF($E48="Lower",COUNTIF(F48:L48,"<"&F48),COUNTIF(F48:L48,">"&F48))+1) | O48: =COUNT(F48:L48) | P48: =IF(OR(F48="",COUNT(F48:L48)<2),"",IF($E48="Lower",IF(MIN(F48:L48)=0,"",(F48-MIN(F48:L48))/MIN(F48:L48)),IF(MAX(F48:L48)=0,"",(MAX(F48:L48)-F48)/MAX(F48:L48))))
A49: ='Metric Catalogue'!A47 | B49: ='Metric Catalogue'!B47 | C49: ='Metric Catalogue'!C47 | D49: ='Metric Catalogue'!D47 | E49: ='Metric Catalogue'!E47 | F49: =IFERROR(INDEX('8 CPU Battery Data'!$L$5:$L$32,MATCH($A49&"|"&F$6&"|"&$C$3,'8 CPU Battery Data'!$F$5:$F$32,0)),"") | G49: =IFERROR(INDEX('8 CPU Battery Data'!$L$5:$L$32,MATCH($A49&"|"&G$6&"|"&$C$3,'8 CPU Battery Data'!$F$5:$F$32,0)),"") | H49: =IFERROR(INDEX('8 CPU Battery Data'!$L$5:$L$32,MATCH($A49&"|"&H$6&"|"&$C$3,'8 CPU Battery Data'!$F$5:$F$32,0)),"") | I49: =IFERROR(INDEX('8 CPU Battery Data'!$L$5:$L$32,MATCH($A49&"|"&I$6&"|"&$C$3,'8 CPU Battery Data'!$F$5:$F$32,0)),"") | J49: =IFERROR(INDEX('8 CPU Battery Data'!$L$5:$L$32,MATCH($A49&"|"&J$6&"|"&$C$3,'8 CPU Battery Data'!$F$5:$F$32,0)),"") | K49: =IFERROR(INDEX('8 CPU Battery Data'!$L$5:$L$32,MATCH($A49&"|"&K$6&"|"&$C$3,'8 CPU Battery Data'!$F$5:$F$32,0)),"") | L49: =IFERROR(INDEX('8 CPU Battery Data'!$L$5:$L$32,MATCH($A49&"|"&L$6&"|"&$C$3,'8 CPU Battery Data'!$F$5:$F$32,0)),"") | M49: =IF(COUNT(F49:L49)=0,"",INDEX($F$6:$L$6,MATCH(IF($E49="Lower",MIN(F49:L49),MAX(F49:L49)),F49:L49,0))) | N49: =IF(OR(F49="",COUNT(F49:L49)=0),"",IF($E49="Lower",COUNTIF(F49:L49,"<"&F49),COUNTIF(F49:L49,">"&F49))+1) | O49: =COUNT(F49:L49) | P49: =IF(OR(F49="",COUNT(F49:L49)<2),"",IF($E49="Lower",IF(MIN(F49:L49)=0,"",(F49-MIN(F49:L49))/MIN(F49:L49)),IF(MAX(F49:L49)=0,"",(MAX(F49:L49)-F49)/MAX(F49:L49))))
A50: ='Metric Catalogue'!A48 | B50: ='Metric Catalogue'!B48 | C50: ='Metric Catalogue'!C48 | D50: ='Metric Catalogue'!D48 | E50: ='Metric Catalogue'!E48 | F50: =IFERROR(INDEX('8 CPU Battery Data'!$L$5:$L$32,MATCH($A50&"|"&F$6&"|"&$C$3,'8 CPU Battery Data'!$F$5:$F$32,0)),"") | G50: =IFERROR(INDEX('8 CPU Battery Data'!$L$5:$L$32,MATCH($A50&"|"&G$6&"|"&$C$3,'8 CPU Battery Data'!$F$5:$F$32,0)),"") | H50: =IFERROR(INDEX('8 CPU Battery Data'!$L$5:$L$32,MATCH($A50&"|"&H$6&"|"&$C$3,'8 CPU Battery Data'!$F$5:$F$32,0)),"") | I50: =IFERROR(INDEX('8 CPU Battery Data'!$L$5:$L$32,MATCH($A50&"|"&I$6&"|"&$C$3,'8 CPU Battery Data'!$F$5:$F$32,0)),"") | J50: =IFERROR(INDEX('8 CPU Battery Data'!$L$5:$L$32,MATCH($A50&"|"&J$6&"|"&$C$3,'8 CPU Battery Data'!$F$5:$F$32,0)),"") | K50: =IFERROR(INDEX('8 CPU Battery Data'!$L$5:$L$32,MATCH($A50&"|"&K$6&"|"&$C$3,'8 CPU Battery Data'!$F$5:$F$32,0)),"") | L50: =IFERROR(INDEX('8 CPU Battery Data'!$L$5:$L$32,MATCH($A50&"|"&L$6&"|"&$C$3,'8 CPU Battery Data'!$F$5:$F$32,0)),"") | M50: =IF(COUNT(F50:L50)=0,"",INDEX($F$6:$L$6,MATCH(IF($E50="Lower",MIN(F50:L50),MAX(F50:L50)),F50:L50,0))) | N50: =IF(OR(F50="",COUNT(F50:L50)=0),"",IF($E50="Lower",COUNTIF(F50:L50,"<"&F50),COUNTIF(F50:L50,">"&F50))+1) | O50: =COUNT(F50:L50) | P50: =IF(OR(F50="",COUNT(F50:L50)<2),"",IF($E50="Lower",IF(MIN(F50:L50)=0,"",(F50-MIN(F50:L50))/MIN(F50:L50)),IF(MAX(F50:L50)=0,"",(MAX(F50:L50)-F50)/MAX(F50:L50))))
A51: ='Metric Catalogue'!A49 | B51: ='Metric Catalogue'!B49 | C51: ='Metric Catalogue'!C49 | D51: ='Metric Catalogue'!D49 | E51: ='Metric Catalogue'!E49 | F51: =IFERROR(INDEX('8 CPU Battery Data'!$L$5:$L$32,MATCH($A51&"|"&F$6&"|"&$C$3,'8 CPU Battery Data'!$F$5:$F$32,0)),"") | G51: =IFERROR(INDEX('8 CPU Battery Data'!$L$5:$L$32,MATCH($A51&"|"&G$6&"|"&$C$3,'8 CPU Battery Data'!$F$5:$F$32,0)),"") | H51: =IFERROR(INDEX('8 CPU Battery Data'!$L$5:$L$32,MATCH($A51&"|"&H$6&"|"&$C$3,'8 CPU Battery Data'!$F$5:$F$32,0)),"") | I51: =IFERROR(INDEX('8 CPU Battery Data'!$L$5:$L$32,MATCH($A51&"|"&I$6&"|"&$C$3,'8 CPU Battery Data'!$F$5:$F$32,0)),"") | J51: =IFERROR(INDEX('8 CPU Battery Data'!$L$5:$L$32,MATCH($A51&"|"&J$6&"|"&$C$3,'8 CPU Battery Data'!$F$5:$F$32,0)),"") | K51: =IFERROR(INDEX('8 CPU Battery Data'!$L$5:$L$32,MATCH($A51&"|"&K$6&"|"&$C$3,'8 CPU Battery Data'!$F$5:$F$32,0)),"") | L51: =IFERROR(INDEX('8 CPU Battery Data'!$L$5:$L$32,MATCH($A51&"|"&L$6&"|"&$C$3,'8 CPU Battery Data'!$F$5:$F$32,0)),"") | M51: =IF(COUNT(F51:L51)=0,"",INDEX($F$6:$L$6,MATCH(IF($E51="Lower",MIN(F51:L51),MAX(F51:L51)),F51:L51,0))) | N51: =IF(OR(F51="",COUNT(F51:L51)=0),"",IF($E51="Lower",COUNTIF(F51:L51,"<"&F51),COUNTIF(F51:L51,">"&F51))+1) | O51: =COUNT(F51:L51) | P51: =IF(OR(F51="",COUNT(F51:L51)<2),"",IF($E51="Lower",IF(MIN(F51:L51)=0,"",(F51-MIN(F51:L51))/MIN(F51:L51)),IF(MAX(F51:L51)=0,"",(MAX(F51:L51)-F51)/MAX(F51:L51))))
A52: ='Metric Catalogue'!A50 | B52: ='Metric Catalogue'!B50 | C52: ='Metric Catalogue'!C50 | D52: ='Metric Catalogue'!D50 | E52: ='Metric Catalogue'!E50 | F52: =IFERROR(INDEX('8 CPU Battery Data'!$L$5:$L$32,MATCH($A52&"|"&F$6&"|"&$C$3,'8 CPU Battery Data'!$F$5:$F$32,0)),"") | G52: =IFERROR(INDEX('8 CPU Battery Data'!$L$5:$L$32,MATCH($A52&"|"&G$6&"|"&$C$3,'8 CPU Battery Data'!$F$5:$F$32,0)),"") | H52: =IFERROR(INDEX('8 CPU Battery Data'!$L$5:$L$32,MATCH($A52&"|"&H$6&"|"&$C$3,'8 CPU Battery Data'!$F$5:$F$32,0)),"") | I52: =IFERROR(INDEX('8 CPU Battery Data'!$L$5:$L$32,MATCH($A52&"|"&I$6&"|"&$C$3,'8 CPU Battery Data'!$F$5:$F$32,0)),"") | J52: =IFERROR(INDEX('8 CPU Battery Data'!$L$5:$L$32,MATCH($A52&"|"&J$6&"|"&$C$3,'8 CPU Battery Data'!$F$5:$F$32,0)),"") | K52: =IFERROR(INDEX('8 CPU Battery Data'!$L$5:$L$32,MATCH($A52&"|"&K$6&"|"&$C$3,'8 CPU Battery Data'!$F$5:$F$32,0)),"") | L52: =IFERROR(INDEX('8 CPU Battery Data'!$L$5:$L$32,MATCH($A52&"|"&L$6&"|"&$C$3,'8 CPU Battery Data'!$F$5:$F$32,0)),"") | M52: =IF(COUNT(F52:L52)=0,"",INDEX($F$6:$L$6,MATCH(IF($E52="Lower",MIN(F52:L52),MAX(F52:L52)),F52:L52,0))) | N52: =IF(OR(F52="",COUNT(F52:L52)=0),"",IF($E52="Lower",COUNTIF(F52:L52,"<"&F52),COUNTIF(F52:L52,">"&F52))+1) | O52: =COUNT(F52:L52) | P52: =IF(OR(F52="",COUNT(F52:L52)<2),"",IF($E52="Lower",IF(MIN(F52:L52)=0,"",(F52-MIN(F52:L52))/MIN(F52:L52)),IF(MAX(F52:L52)=0,"",(MAX(F52:L52)-F52)/MAX(F52:L52))))
A53: ='Metric Catalogue'!A51 | B53: ='Metric Catalogue'!B51 | C53: ='Metric Catalogue'!C51 | D53: ='Metric Catalogue'!D51 | E53: ='Metric Catalogue'!E51 | F53: =IFERROR(IF(INDEX('9 App Info & Stability'!$J$5:$J$11,MATCH(F$6,'9 App Info & Stability'!$A$5:$A$11,0))="","",INDEX('9 App Info & Stability'!$J$5:$J$11,MATCH(F$6,'9 App Info & Stability'!$A$5:$A$11,0))),"") | G53: =IFERROR(IF(INDEX('9 App Info & Stability'!$J$5:$J$11,MATCH(G$6,'9 App Info & Stability'!$A$5:$A$11,0))="","",INDEX('9 App Info & Stability'!$J$5:$J$11,MATCH(G$6,'9 App Info & Stability'!$A$5:$A$11,0))),"") | H53: =IFERROR(IF(INDEX('9 App Info & Stability'!$J$5:$J$11,MATCH(H$6,'9 App Info & Stability'!$A$5:$A$11,0))="","",INDEX('9 App Info & Stability'!$J$5:$J$11,MATCH(H$6,'9 App Info & Stability'!$A$5:$A$11,0))),"") | I53: =IFERROR(IF(INDEX('9 App Info & Stability'!$J$5:$J$11,MATCH(I$6,'9 App Info & Stability'!$A$5:$A$11,0))="","",INDEX('9 App Info & Stability'!$J$5:$J$11,MATCH(I$6,'9 App Info & Stability'!$A$5:$A$11,0))),"") | J53: =IFERROR(IF(INDEX('9 App Info & Stability'!$J$5:$J$11,MATCH(J$6,'9 App Info & Stability'!$A$5:$A$11,0))="","",INDEX('9 App Info & Stability'!$J$5:$J$11,MATCH(J$6,'9 App Info & Stability'!$A$5:$A$11,0))),"") | K53: =IFERROR(IF(INDEX('9 App Info & Stability'!$J$5:$J$11,MATCH(K$6,'9 App Info & Stability'!$A$5:$A$11,0))="","",INDEX('9 App Info & Stability'!$J$5:$J$11,MATCH(K$6,'9 App Info & Stability'!$A$5:$A$11,0))),"") | L53: =IFERROR(IF(INDEX('9 App Info & Stability'!$J$5:$J$11,MATCH(L$6,'9 App Info & Stability'!$A$5:$A$11,0))="","",INDEX('9 App Info & Stability'!$J$5:$J$11,MATCH(L$6,'9 App Info & Stability'!$A$5:$A$11,0))),"") | M53: =IF(COUNT(F53:L53)=0,"",INDEX($F$6:$L$6,MATCH(IF($E53="Lower",MIN(F53:L53),MAX(F53:L53)),F53:L53,0))) | N53: =IF(OR(F53="",COUNT(F53:L53)=0),"",IF($E53="Lower",COUNTIF(F53:L53,"<"&F53),COUNTIF(F53:L53,">"&F53))+1) | O53: =COUNT(F53:L53) | P53: =IF(OR(F53="",COUNT(F53:L53)<2),"",IF($E53="Lower",IF(MIN(F53:L53)=0,"",(F53-MIN(F53:L53))/MIN(F53:L53)),IF(MAX(F53:L53)=0,"",(MAX(F53:L53)-F53)/MAX(F53:L53))))
A54: ='Metric Catalogue'!A52 | B54: ='Metric Catalogue'!B52 | C54: ='Metric Catalogue'!C52 | D54: ='Metric Catalogue'!D52 | E54: ='Metric Catalogue'!E52 | F54: =IFERROR(IF(INDEX('9 App Info & Stability'!$K$5:$K$11,MATCH(F$6,'9 App Info & Stability'!$A$5:$A$11,0))="","",INDEX('9 App Info & Stability'!$K$5:$K$11,MATCH(F$6,'9 App Info & Stability'!$A$5:$A$11,0))),"") | G54: =IFERROR(IF(INDEX('9 App Info & Stability'!$K$5:$K$11,MATCH(G$6,'9 App Info & Stability'!$A$5:$A$11,0))="","",INDEX('9 App Info & Stability'!$K$5:$K$11,MATCH(G$6,'9 App Info & Stability'!$A$5:$A$11,0))),"") | H54: =IFERROR(IF(INDEX('9 App Info & Stability'!$K$5:$K$11,MATCH(H$6,'9 App Info & Stability'!$A$5:$A$11,0))="","",INDEX('9 App Info & Stability'!$K$5:$K$11,MATCH(H$6,'9 App Info & Stability'!$A$5:$A$11,0))),"") | I54: =IFERROR(IF(INDEX('9 App Info & Stability'!$K$5:$K$11,MATCH(I$6,'9 App Info & Stability'!$A$5:$A$11,0))="","",INDEX('9 App Info & Stability'!$K$5:$K$11,MATCH(I$6,'9 App Info & Stability'!$A$5:$A$11,0))),"") | J54: =IFERROR(IF(INDEX('9 App Info & Stability'!$K$5:$K$11,MATCH(J$6,'9 App Info & Stability'!$A$5:$A$11,0))="","",INDEX('9 App Info & Stability'!$K$5:$K$11,MATCH(J$6,'9 App Info & Stability'!$A$5:$A$11,0))),"") | K54: =IFERROR(IF(INDEX('9 App Info & Stability'!$K$5:$K$11,MATCH(K$6,'9 App Info & Stability'!$A$5:$A$11,0))="","",INDEX('9 App Info & Stability'!$K$5:$K$11,MATCH(K$6,'9 App Info & Stability'!$A$5:$A$11,0))),"") | L54: =IFERROR(IF(INDEX('9 App Info & Stability'!$K$5:$K$11,MATCH(L$6,'9 App Info & Stability'!$A$5:$A$11,0))="","",INDEX('9 App Info & Stability'!$K$5:$K$11,MATCH(L$6,'9 App Info & Stability'!$A$5:$A$11,0))),"") | M54: =IF(COUNT(F54:L54)=0,"",INDEX($F$6:$L$6,MATCH(IF($E54="Lower",MIN(F54:L54),MAX(F54:L54)),F54:L54,0))) | N54: =IF(OR(F54="",COUNT(F54:L54)=0),"",IF($E54="Lower",COUNTIF(F54:L54,"<"&F54),COUNTIF(F54:L54,">"&F54))+1) | O54: =COUNT(F54:L54) | P54: =IF(OR(F54="",COUNT(F54:L54)<2),"",IF($E54="Lower",IF(MIN(F54:L54)=0,"",(F54-MIN(F54:L54))/MIN(F54:L54)),IF(MAX(F54:L54)=0,"",(MAX(F54:L54)-F54)/MAX(F54:L54))))
A55: ='Metric Catalogue'!A53 | B55: ='Metric Catalogue'!B53 | C55: ='Metric Catalogue'!C53 | D55: ='Metric Catalogue'!D53 | E55: ='Metric Catalogue'!E53 | F55: =IFERROR(IF(INDEX('9 App Info & Stability'!$F$5:$F$11,MATCH(F$6,'9 App Info & Stability'!$A$5:$A$11,0))="","",INDEX('9 App Info & Stability'!$F$5:$F$11,MATCH(F$6,'9 App Info & Stability'!$A$5:$A$11,0))),"") | G55: =IFERROR(IF(INDEX('9 App Info & Stability'!$F$5:$F$11,MATCH(G$6,'9 App Info & Stability'!$A$5:$A$11,0))="","",INDEX('9 App Info & Stability'!$F$5:$F$11,MATCH(G$6,'9 App Info & Stability'!$A$5:$A$11,0))),"") | H55: =IFERROR(IF(INDEX('9 App Info & Stability'!$F$5:$F$11,MATCH(H$6,'9 App Info & Stability'!$A$5:$A$11,0))="","",INDEX('9 App Info & Stability'!$F$5:$F$11,MATCH(H$6,'9 App Info & Stability'!$A$5:$A$11,0))),"") | I55: =IFERROR(IF(INDEX('9 App Info & Stability'!$F$5:$F$11,MATCH(I$6,'9 App Info & Stability'!$A$5:$A$11,0))="","",INDEX('9 App Info & Stability'!$F$5:$F$11,MATCH(I$6,'9 App Info & Stability'!$A$5:$A$11,0))),"") | J55: =IFERROR(IF(INDEX('9 App Info & Stability'!$F$5:$F$11,MATCH(J$6,'9 App Info & Stability'!$A$5:$A$11,0))="","",INDEX('9 App Info & Stability'!$F$5:$F$11,MATCH(J$6,'9 App Info & Stability'!$A$5:$A$11,0))),"") | K55: =IFERROR(IF(INDEX('9 App Info & Stability'!$F$5:$F$11,MATCH(K$6,'9 App Info & Stability'!$A$5:$A$11,0))="","",INDEX('9 App Info & Stability'!$F$5:$F$11,MATCH(K$6,'9 App Info & Stability'!$A$5:$A$11,0))),"") | L55: =IFERROR(IF(INDEX('9 App Info & Stability'!$F$5:$F$11,MATCH(L$6,'9 App Info & Stability'!$A$5:$A$11,0))="","",INDEX('9 App Info & Stability'!$F$5:$F$11,MATCH(L$6,'9 App Info & Stability'!$A$5:$A$11,0))),"") | M55: =IF(COUNT(F55:L55)=0,"",INDEX($F$6:$L$6,MATCH(IF($E55="Lower",MIN(F55:L55),MAX(F55:L55)),F55:L55,0))) | N55: =IF(OR(F55="",COUNT(F55:L55)=0),"",IF($E55="Lower",COUNTIF(F55:L55,"<"&F55),COUNTIF(F55:L55,">"&F55))+1) | O55: =COUNT(F55:L55) | P55: =IF(OR(F55="",COUNT(F55:L55)<2),"",IF($E55="Lower",IF(MIN(F55:L55)=0,"",(F55-MIN(F55:L55))/MIN(F55:L55)),IF(MAX(F55:L55)=0,"",(MAX(F55:L55)-F55)/MAX(F55:L55))))
A56: ='Metric Catalogue'!A54 | B56: ='Metric Catalogue'!B54 | C56: ='Metric Catalogue'!C54 | D56: ='Metric Catalogue'!D54 | E56: ='Metric Catalogue'!E54 | F56: =IFERROR(IF(INDEX('9 App Info & Stability'!$H$5:$H$11,MATCH(F$6,'9 App Info & Stability'!$A$5:$A$11,0))="","",INDEX('9 App Info & Stability'!$H$5:$H$11,MATCH(F$6,'9 App Info & Stability'!$A$5:$A$11,0))),"") | G56: =IFERROR(IF(INDEX('9 App Info & Stability'!$H$5:$H$11,MATCH(G$6,'9 App Info & Stability'!$A$5:$A$11,0))="","",INDEX('9 App Info & Stability'!$H$5:$H$11,MATCH(G$6,'9 App Info & Stability'!$A$5:$A$11,0))),"") | H56: =IFERROR(IF(INDEX('9 App Info & Stability'!$H$5:$H$11,MATCH(H$6,'9 App Info & Stability'!$A$5:$A$11,0))="","",INDEX('9 App Info & Stability'!$H$5:$H$11,MATCH(H$6,'9 App Info & Stability'!$A$5:$A$11,0))),"") | I56: =IFERROR(IF(INDEX('9 App Info & Stability'!$H$5:$H$11,MATCH(I$6,'9 App Info & Stability'!$A$5:$A$11,0))="","",INDEX('9 App Info & Stability'!$H$5:$H$11,MATCH(I$6,'9 App Info & Stability'!$A$5:$A$11,0))),"") | J56: =IFERROR(IF(INDEX('9 App Info & Stability'!$H$5:$H$11,MATCH(J$6,'9 App Info & Stability'!$A$5:$A$11,0))="","",INDEX('9 App Info & Stability'!$H$5:$H$11,MATCH(J$6,'9 App Info & Stability'!$A$5:$A$11,0))),"") | K56: =IFERROR(IF(INDEX('9 App Info & Stability'!$H$5:$H$11,MATCH(K$6,'9 App Info & Stability'!$A$5:$A$11,0))="","",INDEX('9 App Info & Stability'!$H$5:$H$11,MATCH(K$6,'9 App Info & Stability'!$A$5:$A$11,0))),"") | L56: =IFERROR(IF(INDEX('9 App Info & Stability'!$H$5:$H$11,MATCH(L$6,'9 App Info & Stability'!$A$5:$A$11,0))="","",INDEX('9 App Info & Stability'!$H$5:$H$11,MATCH(L$6,'9 App Info & Stability'!$A$5:$A$11,0))),"") | M56: =IF(COUNT(F56:L56)=0,"",INDEX($F$6:$L$6,MATCH(IF($E56="Lower",MIN(F56:L56),MAX(F56:L56)),F56:L56,0))) | N56: =IF(OR(F56="",COUNT(F56:L56)=0),"",IF($E56="Lower",COUNTIF(F56:L56,"<"&F56),COUNTIF(F56:L56,">"&F56))+1) | O56: =COUNT(F56:L56) | P56: =IF(OR(F56="",COUNT(F56:L56)<2),"",IF($E56="Lower",IF(MIN(F56:L56)=0,"",(F56-MIN(F56:L56))/MIN(F56:L56)),IF(MAX(F56:L56)=0,"",(MAX(F56:L56)-F56)/MAX(F56:L56))))
A58: RISE rank: 1 = best of the apps measured. RISE gap vs best: how far RISE is behind the best app (0% = RISE is best; above 20% shown in red). Unranked apps (RISE UAT) are shown for reference only.

Sheet Scorecard
A1: Scorecard — Overall Ranking
A2: Each metric is scored 0–100 (best app = 100, worst = 0), averaged per category, then weighted into one overall score. Weights come from weights.json.
A3: ="Device: "&Summary!C3
A4: Leaderboard
A5: Rank | B5: App | C5: Overall score (0–100) | D5: Data coverage
A6: 1 | B6: =IFERROR(INDEX($C$16:$I$16,MATCH(LARGE($C$33:$I$33,1),$C$33:$I$33,0)),"") | C6: =IFERROR(INDEX($C$30:$I$30,MATCH(LARGE($C$33:$I$33,1),$C$33:$I$33,0)),"") | D6: =IFERROR(INDEX($C$31:$I$31,MATCH(LARGE($C$33:$I$33,1),$C$33:$I$33,0)),"")
A7: 2 | B7: =IFERROR(INDEX($C$16:$I$16,MATCH(LARGE($C$33:$I$33,2),$C$33:$I$33,0)),"") | C7: =IFERROR(INDEX($C$30:$I$30,MATCH(LARGE($C$33:$I$33,2),$C$33:$I$33,0)),"") | D7: =IFERROR(INDEX($C$31:$I$31,MATCH(LARGE($C$33:$I$33,2),$C$33:$I$33,0)),"")
A8: 3 | B8: =IFERROR(INDEX($C$16:$I$16,MATCH(LARGE($C$33:$I$33,3),$C$33:$I$33,0)),"") | C8: =IFERROR(INDEX($C$30:$I$30,MATCH(LARGE($C$33:$I$33,3),$C$33:$I$33,0)),"") | D8: =IFERROR(INDEX($C$31:$I$31,MATCH(LARGE($C$33:$I$33,3),$C$33:$I$33,0)),"")
A9: 4 | B9: =IFERROR(INDEX($C$16:$I$16,MATCH(LARGE($C$33:$I$33,4),$C$33:$I$33,0)),"") | C9: =IFERROR(INDEX($C$30:$I$30,MATCH(LARGE($C$33:$I$33,4),$C$33:$I$33,0)),"") | D9: =IFERROR(INDEX($C$31:$I$31,MATCH(LARGE($C$33:$I$33,4),$C$33:$I$33,0)),"")
A10: 5 | B10: =IFERROR(INDEX($C$16:$I$16,MATCH(LARGE($C$33:$I$33,5),$C$33:$I$33,0)),"") | C10: =IFERROR(INDEX($C$30:$I$30,MATCH(LARGE($C$33:$I$33,5),$C$33:$I$33,0)),"") | D10: =IFERROR(INDEX($C$31:$I$31,MATCH(LARGE($C$33:$I$33,5),$C$33:$I$33,0)),"")
A11: 6 | B11: =IFERROR(INDEX($C$16:$I$16,MATCH(LARGE($C$33:$I$33,6),$C$33:$I$33,0)),"") | C11: =IFERROR(INDEX($C$30:$I$30,MATCH(LARGE($C$33:$I$33,6),$C$33:$I$33,0)),"") | D11: =IFERROR(INDEX($C$31:$I$31,MATCH(LARGE($C$33:$I$33,6),$C$33:$I$33,0)),"")
A12: 7 | B12: =IFERROR(INDEX($C$16:$I$16,MATCH(LARGE($C$33:$I$33,7),$C$33:$I$33,0)),"") | C12: =IFERROR(INDEX($C$30:$I$30,MATCH(LARGE($C$33:$I$33,7),$C$33:$I$33,0)),"") | D12: =IFERROR(INDEX($C$31:$I$31,MATCH(LARGE($C$33:$I$33,7),$C$33:$I$33,0)),"")
A15: Category scores (weights from weights.json, read-only here) | L15: Helper: weight × score (don't edit) | T15: Helper: weight used (don't edit)
A16: Category | B16: Weight | C16: RISE | D16: Kite | E16: Groww | F16: Angel One | G16: INDmoney | H16: Kotak Neo | I16: SAHI | L16: RISE | M16: Kite | N16: Groww | O16: Angel One | P16: INDmoney | Q16: Kotak Neo | R16: SAHI | T16: RISE | U16: Kite | V16: Groww | W16: Angel One | X16: INDmoney | Y16: Kotak Neo | Z16: SAHI
A17: Loading Time | B17: 20 | C17: =IFERROR(AVERAGEIFS(C$38:C$87,$B$38:$B$87,$A17),"") | D17: =IFERROR(AVERAGEIFS(D$38:D$87,$B$38:$B$87,$A17),"") | E17: =IFERROR(AVERAGEIFS(E$38:E$87,$B$38:$B$87,$A17),"") | F17: =IFERROR(AVERAGEIFS(F$38:F$87,$B$38:$B$87,$A17),"") | G17: =IFERROR(AVERAGEIFS(G$38:G$87,$B$38:$B$87,$A17),"") | H17: =IFERROR(AVERAGEIFS(H$38:H$87,$B$38:$B$87,$A17),"") | I17: =IFERROR(AVERAGEIFS(I$38:I$87,$B$38:$B$87,$A17),"") | L17: =IF(ISNUMBER(C17),$B17*C17,"") | M17: =IF(ISNUMBER(D17),$B17*D17,"") | N17: =IF(ISNUMBER(E17),$B17*E17,"") | O17: =IF(ISNUMBER(F17),$B17*F17,"") | P17: =IF(ISNUMBER(G17),$B17*G17,"") | Q17: =IF(ISNUMBER(H17),$B17*H17,"") | R17: =IF(ISNUMBER(I17),$B17*I17,"") | T17: =IF(ISNUMBER(C17),$B17,"") | U17: =IF(ISNUMBER(D17),$B17,"") | V17: =IF(ISNUMBER(E17),$B17,"") | W17: =IF(ISNUMBER(F17),$B17,"") | X17: =IF(ISNUMBER(G17),$B17,"") | Y17: =IF(ISNUMBER(H17),$B17,"") | Z17: =IF(ISNUMBER(I17),$B17,"")
A18: User-wise | B18: 5 | C18: =IFERROR(AVERAGEIFS(C$38:C$87,$B$38:$B$87,$A18),"") | D18: =IFERROR(AVERAGEIFS(D$38:D$87,$B$38:$B$87,$A18),"") | E18: =IFERROR(AVERAGEIFS(E$38:E$87,$B$38:$B$87,$A18),"") | F18: =IFERROR(AVERAGEIFS(F$38:F$87,$B$38:$B$87,$A18),"") | G18: =IFERROR(AVERAGEIFS(G$38:G$87,$B$38:$B$87,$A18),"") | H18: =IFERROR(AVERAGEIFS(H$38:H$87,$B$38:$B$87,$A18),"") | I18: =IFERROR(AVERAGEIFS(I$38:I$87,$B$38:$B$87,$A18),"") | L18: =IF(ISNUMBER(C18),$B18*C18,"") | M18: =IF(ISNUMBER(D18),$B18*D18,"") | N18: =IF(ISNUMBER(E18),$B18*E18,"") | O18: =IF(ISNUMBER(F18),$B18*F18,"") | P18: =IF(ISNUMBER(G18),$B18*G18,"") | Q18: =IF(ISNUMBER(H18),$B18*H18,"") | R18: =IF(ISNUMBER(I18),$B18*I18,"") | T18: =IF(ISNUMBER(C18),$B18,"") | U18: =IF(ISNUMBER(D18),$B18,"") | V18: =IF(ISNUMBER(E18),$B18,"") | W18: =IF(ISNUMBER(F18),$B18,"") | X18: =IF(ISNUMBER(G18),$B18,"") | Y18: =IF(ISNUMBER(H18),$B18,"") | Z18: =IF(ISNUMBER(I18),$B18,"")
A19: API / Network | B19: 5 | C19: =IFERROR(AVERAGEIFS(C$38:C$87,$B$38:$B$87,$A19),"") | D19: =IFERROR(AVERAGEIFS(D$38:D$87,$B$38:$B$87,$A19),"") | E19: =IFERROR(AVERAGEIFS(E$38:E$87,$B$38:$B$87,$A19),"") | F19: =IFERROR(AVERAGEIFS(F$38:F$87,$B$38:$B$87,$A19),"") | G19: =IFERROR(AVERAGEIFS(G$38:G$87,$B$38:$B$87,$A19),"") | H19: =IFERROR(AVERAGEIFS(H$38:H$87,$B$38:$B$87,$A19),"") | I19: =IFERROR(AVERAGEIFS(I$38:I$87,$B$38:$B$87,$A19),"") | L19: =IF(ISNUMBER(C19),$B19*C19,"") | M19: =IF(ISNUMBER(D19),$B19*D19,"") | N19: =IF(ISNUMBER(E19),$B19*E19,"") | O19: =IF(ISNUMBER(F19),$B19*F19,"") | P19: =IF(ISNUMBER(G19),$B19*G19,"") | Q19: =IF(ISNUMBER(H19),$B19*H19,"") | R19: =IF(ISNUMBER(I19),$B19*I19,"") | T19: =IF(ISNUMBER(C19),$B19,"") | U19: =IF(ISNUMBER(D19),$B19,"") | V19: =IF(ISNUMBER(E19),$B19,"") | W19: =IF(ISNUMBER(F19),$B19,"") | X19: =IF(ISNUMBER(G19),$B19,"") | Y19: =IF(ISNUMBER(H19),$B19,"") | Z19: =IF(ISNUMBER(I19),$B19,"")
A20: Offline | B20: 5 | C20: =IFERROR(AVERAGEIFS(C$38:C$87,$B$38:$B$87,$A20),"") | D20: =IFERROR(AVERAGEIFS(D$38:D$87,$B$38:$B$87,$A20),"") | E20: =IFERROR(AVERAGEIFS(E$38:E$87,$B$38:$B$87,$A20),"") | F20: =IFERROR(AVERAGEIFS(F$38:F$87,$B$38:$B$87,$A20),"") | G20: =IFERROR(AVERAGEIFS(G$38:G$87,$B$38:$B$87,$A20),"") | H20: =IFERROR(AVERAGEIFS(H$38:H$87,$B$38:$B$87,$A20),"") | I20: =IFERROR(AVERAGEIFS(I$38:I$87,$B$38:$B$87,$A20),"") | L20: =IF(ISNUMBER(C20),$B20*C20,"") | M20: =IF(ISNUMBER(D20),$B20*D20,"") | N20: =IF(ISNUMBER(E20),$B20*E20,"") | O20: =IF(ISNUMBER(F20),$B20*F20,"") | P20: =IF(ISNUMBER(G20),$B20*G20,"") | Q20: =IF(ISNUMBER(H20),$B20*H20,"") | R20: =IF(ISNUMBER(I20),$B20*I20,"") | T20: =IF(ISNUMBER(C20),$B20,"") | U20: =IF(ISNUMBER(D20),$B20,"") | V20: =IF(ISNUMBER(E20),$B20,"") | W20: =IF(ISNUMBER(F20),$B20,"") | X20: =IF(ISNUMBER(G20),$B20,"") | Y20: =IF(ISNUMBER(H20),$B20,"") | Z20: =IF(ISNUMBER(I20),$B20,"")
A21: Scroll & Gesture | B21: 15 | C21: =IFERROR(AVERAGEIFS(C$38:C$87,$B$38:$B$87,$A21),"") | D21: =IFERROR(AVERAGEIFS(D$38:D$87,$B$38:$B$87,$A21),"") | E21: =IFERROR(AVERAGEIFS(E$38:E$87,$B$38:$B$87,$A21),"") | F21: =IFERROR(AVERAGEIFS(F$38:F$87,$B$38:$B$87,$A21),"") | G21: =IFERROR(AVERAGEIFS(G$38:G$87,$B$38:$B$87,$A21),"") | H21: =IFERROR(AVERAGEIFS(H$38:H$87,$B$38:$B$87,$A21),"") | I21: =IFERROR(AVERAGEIFS(I$38:I$87,$B$38:$B$87,$A21),"") | L21: =IF(ISNUMBER(C21),$B21*C21,"") | M21: =IF(ISNUMBER(D21),$B21*D21,"") | N21: =IF(ISNUMBER(E21),$B21*E21,"") | O21: =IF(ISNUMBER(F21),$B21*F21,"") | P21: =IF(ISNUMBER(G21),$B21*G21,"") | Q21: =IF(ISNUMBER(H21),$B21*H21,"") | R21: =IF(ISNUMBER(I21),$B21*I21,"") | T21: =IF(ISNUMBER(C21),$B21,"") | U21: =IF(ISNUMBER(D21),$B21,"") | V21: =IF(ISNUMBER(E21),$B21,"") | W21: =IF(ISNUMBER(F21),$B21,"") | X21: =IF(ISNUMBER(G21),$B21,"") | Y21: =IF(ISNUMBER(H21),$B21,"") | Z21: =IF(ISNUMBER(I21),$B21,"")
A22: Screen Updation | B22: 15 | C22: =IFERROR(AVERAGEIFS(C$38:C$87,$B$38:$B$87,$A22),"") | D22: =IFERROR(AVERAGEIFS(D$38:D$87,$B$38:$B$87,$A22),"") | E22: =IFERROR(AVERAGEIFS(E$38:E$87,$B$38:$B$87,$A22),"") | F22: =IFERROR(AVERAGEIFS(F$38:F$87,$B$38:$B$87,$A22),"") | G22: =IFERROR(AVERAGEIFS(G$38:G$87,$B$38:$B$87,$A22),"") | H22: =IFERROR(AVERAGEIFS(H$38:H$87,$B$38:$B$87,$A22),"") | I22: =IFERROR(AVERAGEIFS(I$38:I$87,$B$38:$B$87,$A22),"") | L22: =IF(ISNUMBER(C22),$B22*C22,"") | M22: =IF(ISNUMBER(D22),$B22*D22,"") | N22: =IF(ISNUMBER(E22),$B22*E22,"") | O22: =IF(ISNUMBER(F22),$B22*F22,"") | P22: =IF(ISNUMBER(G22),$B22*G22,"") | Q22: =IF(ISNUMBER(H22),$B22*H22,"") | R22: =IF(ISNUMBER(I22),$B22*I22,"") | T22: =IF(ISNUMBER(C22),$B22,"") | U22: =IF(ISNUMBER(D22),$B22,"") | V22: =IF(ISNUMBER(E22),$B22,"") | W22: =IF(ISNUMBER(F22),$B22,"") | X22: =IF(ISNUMBER(G22),$B22,"") | Y22: =IF(ISNUMBER(H22),$B22,"") | Z22: =IF(ISNUMBER(I22),$B22,"")
A23: Data Pointers | B23: 10 | C23: =IFERROR(AVERAGEIFS(C$38:C$87,$B$38:$B$87,$A23),"") | D23: =IFERROR(AVERAGEIFS(D$38:D$87,$B$38:$B$87,$A23),"") | E23: =IFERROR(AVERAGEIFS(E$38:E$87,$B$38:$B$87,$A23),"") | F23: =IFERROR(AVERAGEIFS(F$38:F$87,$B$38:$B$87,$A23),"") | G23: =IFERROR(AVERAGEIFS(G$38:G$87,$B$38:$B$87,$A23),"") | H23: =IFERROR(AVERAGEIFS(H$38:H$87,$B$38:$B$87,$A23),"") | I23: =IFERROR(AVERAGEIFS(I$38:I$87,$B$38:$B$87,$A23),"") | L23: =IF(ISNUMBER(C23),$B23*C23,"") | M23: =IF(ISNUMBER(D23),$B23*D23,"") | N23: =IF(ISNUMBER(E23),$B23*E23,"") | O23: =IF(ISNUMBER(F23),$B23*F23,"") | P23: =IF(ISNUMBER(G23),$B23*G23,"") | Q23: =IF(ISNUMBER(H23),$B23*H23,"") | R23: =IF(ISNUMBER(I23),$B23*I23,"") | T23: =IF(ISNUMBER(C23),$B23,"") | U23: =IF(ISNUMBER(D23),$B23,"") | V23: =IF(ISNUMBER(E23),$B23,"") | W23: =IF(ISNUMBER(F23),$B23,"") | X23: =IF(ISNUMBER(G23),$B23,"") | Y23: =IF(ISNUMBER(H23),$B23,"") | Z23: =IF(ISNUMBER(I23),$B23,"")
A24: External SDKs | B24: 4 | C24: =IFERROR(AVERAGEIFS(C$38:C$87,$B$38:$B$87,$A24),"") | D24: =IFERROR(AVERAGEIFS(D$38:D$87,$B$38:$B$87,$A24),"") | E24: =IFERROR(AVERAGEIFS(E$38:E$87,$B$38:$B$87,$A24),"") | F24: =IFERROR(AVERAGEIFS(F$38:F$87,$B$38:$B$87,$A24),"") | G24: =IFERROR(AVERAGEIFS(G$38:G$87,$B$38:$B$87,$A24),"") | H24: =IFERROR(AVERAGEIFS(H$38:H$87,$B$38:$B$87,$A24),"") | I24: =IFERROR(AVERAGEIFS(I$38:I$87,$B$38:$B$87,$A24),"") | L24: =IF(ISNUMBER(C24),$B24*C24,"") | M24: =IF(ISNUMBER(D24),$B24*D24,"") | N24: =IF(ISNUMBER(E24),$B24*E24,"") | O24: =IF(ISNUMBER(F24),$B24*F24,"") | P24: =IF(ISNUMBER(G24),$B24*G24,"") | Q24: =IF(ISNUMBER(H24),$B24*H24,"") | R24: =IF(ISNUMBER(I24),$B24*I24,"") | T24: =IF(ISNUMBER(C24),$B24,"") | U24: =IF(ISNUMBER(D24),$B24,"") | V24: =IF(ISNUMBER(E24),$B24,"") | W24: =IF(ISNUMBER(F24),$B24,"") | X24: =IF(ISNUMBER(G24),$B24,"") | Y24: =IF(ISNUMBER(H24),$B24,"") | Z24: =IF(ISNUMBER(I24),$B24,"")
A25: RAM | B25: 7 | C25: =IFERROR(AVERAGEIFS(C$38:C$87,$B$38:$B$87,$A25),"") | D25: =IFERROR(AVERAGEIFS(D$38:D$87,$B$38:$B$87,$A25),"") | E25: =IFERROR(AVERAGEIFS(E$38:E$87,$B$38:$B$87,$A25),"") | F25: =IFERROR(AVERAGEIFS(F$38:F$87,$B$38:$B$87,$A25),"") | G25: =IFERROR(AVERAGEIFS(G$38:G$87,$B$38:$B$87,$A25),"") | H25: =IFERROR(AVERAGEIFS(H$38:H$87,$B$38:$B$87,$A25),"") | I25: =IFERROR(AVERAGEIFS(I$38:I$87,$B$38:$B$87,$A25),"") | L25: =IF(ISNUMBER(C25),$B25*C25,"") | M25: =IF(ISNUMBER(D25),$B25*D25,"") | N25: =IF(ISNUMBER(E25),$B25*E25,"") | O25: =IF(ISNUMBER(F25),$B25*F25,"") | P25: =IF(ISNUMBER(G25),$B25*G25,"") | Q25: =IF(ISNUMBER(H25),$B25*H25,"") | R25: =IF(ISNUMBER(I25),$B25*I25,"") | T25: =IF(ISNUMBER(C25),$B25,"") | U25: =IF(ISNUMBER(D25),$B25,"") | V25: =IF(ISNUMBER(E25),$B25,"") | W25: =IF(ISNUMBER(F25),$B25,"") | X25: =IF(ISNUMBER(G25),$B25,"") | Y25: =IF(ISNUMBER(H25),$B25,"") | Z25: =IF(ISNUMBER(I25),$B25,"")
A26: Storage | B26: 3 | C26: =IFERROR(AVERAGEIFS(C$38:C$87,$B$38:$B$87,$A26),"") | D26: =IFERROR(AVERAGEIFS(D$38:D$87,$B$38:$B$87,$A26),"") | E26: =IFERROR(AVERAGEIFS(E$38:E$87,$B$38:$B$87,$A26),"") | F26: =IFERROR(AVERAGEIFS(F$38:F$87,$B$38:$B$87,$A26),"") | G26: =IFERROR(AVERAGEIFS(G$38:G$87,$B$38:$B$87,$A26),"") | H26: =IFERROR(AVERAGEIFS(H$38:H$87,$B$38:$B$87,$A26),"") | I26: =IFERROR(AVERAGEIFS(I$38:I$87,$B$38:$B$87,$A26),"") | L26: =IF(ISNUMBER(C26),$B26*C26,"") | M26: =IF(ISNUMBER(D26),$B26*D26,"") | N26: =IF(ISNUMBER(E26),$B26*E26,"") | O26: =IF(ISNUMBER(F26),$B26*F26,"") | P26: =IF(ISNUMBER(G26),$B26*G26,"") | Q26: =IF(ISNUMBER(H26),$B26*H26,"") | R26: =IF(ISNUMBER(I26),$B26*I26,"") | T26: =IF(ISNUMBER(C26),$B26,"") | U26: =IF(ISNUMBER(D26),$B26,"") | V26: =IF(ISNUMBER(E26),$B26,"") | W26: =IF(ISNUMBER(F26),$B26,"") | X26: =IF(ISNUMBER(G26),$B26,"") | Y26: =IF(ISNUMBER(H26),$B26,"") | Z26: =IF(ISNUMBER(I26),$B26,"")
A27: CPU / Battery / Data | B27: 7 | C27: =IFERROR(AVERAGEIFS(C$38:C$87,$B$38:$B$87,$A27),"") | D27: =IFERROR(AVERAGEIFS(D$38:D$87,$B$38:$B$87,$A27),"") | E27: =IFERROR(AVERAGEIFS(E$38:E$87,$B$38:$B$87,$A27),"") | F27: =IFERROR(AVERAGEIFS(F$38:F$87,$B$38:$B$87,$A27),"") | G27: =IFERROR(AVERAGEIFS(G$38:G$87,$B$38:$B$87,$A27),"") | H27: =IFERROR(AVERAGEIFS(H$38:H$87,$B$38:$B$87,$A27),"") | I27: =IFERROR(AVERAGEIFS(I$38:I$87,$B$38:$B$87,$A27),"") | L27: =IF(ISNUMBER(C27),$B27*C27,"") | M27: =IF(ISNUMBER(D27),$B27*D27,"") | N27: =IF(ISNUMBER(E27),$B27*E27,"") | O27: =IF(ISNUMBER(F27),$B27*F27,"") | P27: =IF(ISNUMBER(G27),$B27*G27,"") | Q27: =IF(ISNUMBER(H27),$B27*H27,"") | R27: =IF(ISNUMBER(I27),$B27*I27,"") | T27: =IF(ISNUMBER(C27),$B27,"") | U27: =IF(ISNUMBER(D27),$B27,"") | V27: =IF(ISNUMBER(E27),$B27,"") | W27: =IF(ISNUMBER(F27),$B27,"") | X27: =IF(ISNUMBER(G27),$B27,"") | Y27: =IF(ISNUMBER(H27),$B27,"") | Z27: =IF(ISNUMBER(I27),$B27,"")
A28: Stability | B28: 4 | C28: =IFERROR(AVERAGEIFS(C$38:C$87,$B$38:$B$87,$A28),"") | D28: =IFERROR(AVERAGEIFS(D$38:D$87,$B$38:$B$87,$A28),"") | E28: =IFERROR(AVERAGEIFS(E$38:E$87,$B$38:$B$87,$A28),"") | F28: =IFERROR(AVERAGEIFS(F$38:F$87,$B$38:$B$87,$A28),"") | G28: =IFERROR(AVERAGEIFS(G$38:G$87,$B$38:$B$87,$A28),"") | H28: =IFERROR(AVERAGEIFS(H$38:H$87,$B$38:$B$87,$A28),"") | I28: =IFERROR(AVERAGEIFS(I$38:I$87,$B$38:$B$87,$A28),"") | L28: =IF(ISNUMBER(C28),$B28*C28,"") | M28: =IF(ISNUMBER(D28),$B28*D28,"") | N28: =IF(ISNUMBER(E28),$B28*E28,"") | O28: =IF(ISNUMBER(F28),$B28*F28,"") | P28: =IF(ISNUMBER(G28),$B28*G28,"") | Q28: =IF(ISNUMBER(H28),$B28*H28,"") | R28: =IF(ISNUMBER(I28),$B28*I28,"") | T28: =IF(ISNUMBER(C28),$B28,"") | U28: =IF(ISNUMBER(D28),$B28,"") | V28: =IF(ISNUMBER(E28),$B28,"") | W28: =IF(ISNUMBER(F28),$B28,"") | X28: =IF(ISNUMBER(G28),$B28,"") | Y28: =IF(ISNUMBER(H28),$B28,"") | Z28: =IF(ISNUMBER(I28),$B28,"")
A29: Total weight | B29: =SUM(B17:B28)
A30: Overall score | C30: =IF(SUM(T17:T28)=0,"",SUM(L17:L28)/SUM(T17:T28)) | D30: =IF(SUM(U17:U28)=0,"",SUM(M17:M28)/SUM(U17:U28)) | E30: =IF(SUM(V17:V28)=0,"",SUM(N17:N28)/SUM(V17:V28)) | F30: =IF(SUM(W17:W28)=0,"",SUM(O17:O28)/SUM(W17:W28)) | G30: =IF(SUM(X17:X28)=0,"",SUM(P17:P28)/SUM(X17:X28)) | H30: =IF(SUM(Y17:Y28)=0,"",SUM(Q17:Q28)/SUM(Y17:Y28)) | I30: =IF(SUM(Z17:Z28)=0,"",SUM(R17:R28)/SUM(Z17:Z28))
A31: Data coverage (share of weight measured) | C31: =IF($B$29=0,"",SUM(T17:T28)/$B$29) | D31: =IF($B$29=0,"",SUM(U17:U28)/$B$29) | E31: =IF($B$29=0,"",SUM(V17:V28)/$B$29) | F31: =IF($B$29=0,"",SUM(W17:W28)/$B$29) | G31: =IF($B$29=0,"",SUM(X17:X28)/$B$29) | H31: =IF($B$29=0,"",SUM(Y17:Y28)/$B$29) | I31: =IF($B$29=0,"",SUM(Z17:Z28)/$B$29)
A32: Rank | C32: =IF(ISNUMBER(C30),COUNTIF($C$30:$I$30,">"&C30)+1,"") | D32: =IF(ISNUMBER(D30),COUNTIF($C$30:$I$30,">"&D30)+1,"") | E32: =IF(ISNUMBER(E30),COUNTIF($C$30:$I$30,">"&E30)+1,"") | F32: =IF(ISNUMBER(F30),COUNTIF($C$30:$I$30,">"&F30)+1,"") | G32: =IF(ISNUMBER(G30),COUNTIF($C$30:$I$30,">"&G30)+1,"") | H32: =IF(ISNUMBER(H30),COUNTIF($C$30:$I$30,">"&H30)+1,"") | I32: =IF(ISNUMBER(I30),COUNTIF($C$30:$I$30,">"&I30)+1,"")
A33: Helper: tie-break (don't edit) | C33: =IF(ISNUMBER(C30),C30+7/1000000,"") | D33: =IF(ISNUMBER(D30),D30+6/1000000,"") | E33: =IF(ISNUMBER(E30),E30+5/1000000,"") | F33: =IF(ISNUMBER(F30),F30+4/1000000,"") | G33: =IF(ISNUMBER(G30),G30+3/1000000,"") | H33: =IF(ISNUMBER(H30),H30+2/1000000,"") | I33: =IF(ISNUMBER(I30),I30+1/1000000,"")
A36: Metric scores (0–100, from the Summary tab)
A37: ID | B37: Category | C37: Metric | D37: RISE | E37: Kite | F37: Groww | G37: Angel One | H37: INDmoney | I37: Kotak Neo | J37: SAHI
A38: =Summary!A7 | B38: =Summary!B7 | C38: =IF(OR(Summary!F7="",Summary!$O7<2),"",IF(MAX(Summary!$F7:$L7)=MIN(Summary!$F7:$L7),100,IF(Summary!$E7="Lower",(MAX(Summary!$F7:$L7)-Summary!F7)/(MAX(Summary!$F7:$L7)-MIN(Summary!$F7:$L7)),(Summary!F7-MIN(Summary!$F7:$L7))/(MAX(Summary!$F7:$L7)-MIN(Summary!$F7:$L7)))*100)) | D38: =IF(OR(Summary!G7="",Summary!$O7<2),"",IF(MAX(Summary!$F7:$L7)=MIN(Summary!$F7:$L7),100,IF(Summary!$E7="Lower",(MAX(Summary!$F7:$L7)-Summary!G7)/(MAX(Summary!$F7:$L7)-MIN(Summary!$F7:$L7)),(Summary!G7-MIN(Summary!$F7:$L7))/(MAX(Summary!$F7:$L7)-MIN(Summary!$F7:$L7)))*100)) | E38: =IF(OR(Summary!H7="",Summary!$O7<2),"",IF(MAX(Summary!$F7:$L7)=MIN(Summary!$F7:$L7),100,IF(Summary!$E7="Lower",(MAX(Summary!$F7:$L7)-Summary!H7)/(MAX(Summary!$F7:$L7)-MIN(Summary!$F7:$L7)),(Summary!H7-MIN(Summary!$F7:$L7))/(MAX(Summary!$F7:$L7)-MIN(Summary!$F7:$L7)))*100)) | F38: =IF(OR(Summary!I7="",Summary!$O7<2),"",IF(MAX(Summary!$F7:$L7)=MIN(Summary!$F7:$L7),100,IF(Summary!$E7="Lower",(MAX(Summary!$F7:$L7)-Summary!I7)/(MAX(Summary!$F7:$L7)-MIN(Summary!$F7:$L7)),(Summary!I7-MIN(Summary!$F7:$L7))/(MAX(Summary!$F7:$L7)-MIN(Summary!$F7:$L7)))*100)) | G38: =IF(OR(Summary!J7="",Summary!$O7<2),"",IF(MAX(Summary!$F7:$L7)=MIN(Summary!$F7:$L7),100,IF(Summary!$E7="Lower",(MAX(Summary!$F7:$L7)-Summary!J7)/(MAX(Summary!$F7:$L7)-MIN(Summary!$F7:$L7)),(Summary!J7-MIN(Summary!$F7:$L7))/(MAX(Summary!$F7:$L7)-MIN(Summary!$F7:$L7)))*100)) | H38: =IF(OR(Summary!K7="",Summary!$O7<2),"",IF(MAX(Summary!$F7:$L7)=MIN(Summary!$F7:$L7),100,IF(Summary!$E7="Lower",(MAX(Summary!$F7:$L7)-Summary!K7)/(MAX(Summary!$F7:$L7)-MIN(Summary!$F7:$L7)),(Summary!K7-MIN(Summary!$F7:$L7))/(MAX(Summary!$F7:$L7)-MIN(Summary!$F7:$L7)))*100)) | I38: =IF(OR(Summary!L7="",Summary!$O7<2),"",IF(MAX(Summary!$F7:$L7)=MIN(Summary!$F7:$L7),100,IF(Summary!$E7="Lower",(MAX(Summary!$F7:$L7)-Summary!L7)/(MAX(Summary!$F7:$L7)-MIN(Summary!$F7:$L7)),(Summary!L7-MIN(Summary!$F7:$L7))/(MAX(Summary!$F7:$L7)-MIN(Summary!$F7:$L7)))*100))
A39: =Summary!A8 | B39: =Summary!B8 | C39: =IF(OR(Summary!F8="",Summary!$O8<2),"",IF(MAX(Summary!$F8:$L8)=MIN(Summary!$F8:$L8),100,IF(Summary!$E8="Lower",(MAX(Summary!$F8:$L8)-Summary!F8)/(MAX(Summary!$F8:$L8)-MIN(Summary!$F8:$L8)),(Summary!F8-MIN(Summary!$F8:$L8))/(MAX(Summary!$F8:$L8)-MIN(Summary!$F8:$L8)))*100)) | D39: =IF(OR(Summary!G8="",Summary!$O8<2),"",IF(MAX(Summary!$F8:$L8)=MIN(Summary!$F8:$L8),100,IF(Summary!$E8="Lower",(MAX(Summary!$F8:$L8)-Summary!G8)/(MAX(Summary!$F8:$L8)-MIN(Summary!$F8:$L8)),(Summary!G8-MIN(Summary!$F8:$L8))/(MAX(Summary!$F8:$L8)-MIN(Summary!$F8:$L8)))*100)) | E39: =IF(OR(Summary!H8="",Summary!$O8<2),"",IF(MAX(Summary!$F8:$L8)=MIN(Summary!$F8:$L8),100,IF(Summary!$E8="Lower",(MAX(Summary!$F8:$L8)-Summary!H8)/(MAX(Summary!$F8:$L8)-MIN(Summary!$F8:$L8)),(Summary!H8-MIN(Summary!$F8:$L8))/(MAX(Summary!$F8:$L8)-MIN(Summary!$F8:$L8)))*100)) | F39: =IF(OR(Summary!I8="",Summary!$O8<2),"",IF(MAX(Summary!$F8:$L8)=MIN(Summary!$F8:$L8),100,IF(Summary!$E8="Lower",(MAX(Summary!$F8:$L8)-Summary!I8)/(MAX(Summary!$F8:$L8)-MIN(Summary!$F8:$L8)),(Summary!I8-MIN(Summary!$F8:$L8))/(MAX(Summary!$F8:$L8)-MIN(Summary!$F8:$L8)))*100)) | G39: =IF(OR(Summary!J8="",Summary!$O8<2),"",IF(MAX(Summary!$F8:$L8)=MIN(Summary!$F8:$L8),100,IF(Summary!$E8="Lower",(MAX(Summary!$F8:$L8)-Summary!J8)/(MAX(Summary!$F8:$L8)-MIN(Summary!$F8:$L8)),(Summary!J8-MIN(Summary!$F8:$L8))/(MAX(Summary!$F8:$L8)-MIN(Summary!$F8:$L8)))*100)) | H39: =IF(OR(Summary!K8="",Summary!$O8<2),"",IF(MAX(Summary!$F8:$L8)=MIN(Summary!$F8:$L8),100,IF(Summary!$E8="Lower",(MAX(Summary!$F8:$L8)-Summary!K8)/(MAX(Summary!$F8:$L8)-MIN(Summary!$F8:$L8)),(Summary!K8-MIN(Summary!$F8:$L8))/(MAX(Summary!$F8:$L8)-MIN(Summary!$F8:$L8)))*100)) | I39: =IF(OR(Summary!L8="",Summary!$O8<2),"",IF(MAX(Summary!$F8:$L8)=MIN(Summary!$F8:$L8),100,IF(Summary!$E8="Lower",(MAX(Summary!$F8:$L8)-Summary!L8)/(MAX(Summary!$F8:$L8)-MIN(Summary!$F8:$L8)),(Summary!L8-MIN(Summary!$F8:$L8))/(MAX(Summary!$F8:$L8)-MIN(Summary!$F8:$L8)))*100))
A40: =Summary!A9 | B40: =Summary!B9 | C40: =IF(OR(Summary!F9="",Summary!$O9<2),"",IF(MAX(Summary!$F9:$L9)=MIN(Summary!$F9:$L9),100,IF(Summary!$E9="Lower",(MAX(Summary!$F9:$L9)-Summary!F9)/(MAX(Summary!$F9:$L9)-MIN(Summary!$F9:$L9)),(Summary!F9-MIN(Summary!$F9:$L9))/(MAX(Summary!$F9:$L9)-MIN(Summary!$F9:$L9)))*100)) | D40: =IF(OR(Summary!G9="",Summary!$O9<2),"",IF(MAX(Summary!$F9:$L9)=MIN(Summary!$F9:$L9),100,IF(Summary!$E9="Lower",(MAX(Summary!$F9:$L9)-Summary!G9)/(MAX(Summary!$F9:$L9)-MIN(Summary!$F9:$L9)),(Summary!G9-MIN(Summary!$F9:$L9))/(MAX(Summary!$F9:$L9)-MIN(Summary!$F9:$L9)))*100)) | E40: =IF(OR(Summary!H9="",Summary!$O9<2),"",IF(MAX(Summary!$F9:$L9)=MIN(Summary!$F9:$L9),100,IF(Summary!$E9="Lower",(MAX(Summary!$F9:$L9)-Summary!H9)/(MAX(Summary!$F9:$L9)-MIN(Summary!$F9:$L9)),(Summary!H9-MIN(Summary!$F9:$L9))/(MAX(Summary!$F9:$L9)-MIN(Summary!$F9:$L9)))*100)) | F40: =IF(OR(Summary!I9="",Summary!$O9<2),"",IF(MAX(Summary!$F9:$L9)=MIN(Summary!$F9:$L9),100,IF(Summary!$E9="Lower",(MAX(Summary!$F9:$L9)-Summary!I9)/(MAX(Summary!$F9:$L9)-MIN(Summary!$F9:$L9)),(Summary!I9-MIN(Summary!$F9:$L9))/(MAX(Summary!$F9:$L9)-MIN(Summary!$F9:$L9)))*100)) | G40: =IF(OR(Summary!J9="",Summary!$O9<2),"",IF(MAX(Summary!$F9:$L9)=MIN(Summary!$F9:$L9),100,IF(Summary!$E9="Lower",(MAX(Summary!$F9:$L9)-Summary!J9)/(MAX(Summary!$F9:$L9)-MIN(Summary!$F9:$L9)),(Summary!J9-MIN(Summary!$F9:$L9))/(MAX(Summary!$F9:$L9)-MIN(Summary!$F9:$L9)))*100)) | H40: =IF(OR(Summary!K9="",Summary!$O9<2),"",IF(MAX(Summary!$F9:$L9)=MIN(Summary!$F9:$L9),100,IF(Summary!$E9="Lower",(MAX(Summary!$F9:$L9)-Summary!K9)/(MAX(Summary!$F9:$L9)-MIN(Summary!$F9:$L9)),(Summary!K9-MIN(Summary!$F9:$L9))/(MAX(Summary!$F9:$L9)-MIN(Summary!$F9:$L9)))*100)) | I40: =IF(OR(Summary!L9="",Summary!$O9<2),"",IF(MAX(Summary!$F9:$L9)=MIN(Summary!$F9:$L9),100,IF(Summary!$E9="Lower",(MAX(Summary!$F9:$L9)-Summary!L9)/(MAX(Summary!$F9:$L9)-MIN(Summary!$F9:$L9)),(Summary!L9-MIN(Summary!$F9:$L9))/(MAX(Summary!$F9:$L9)-MIN(Summary!$F9:$L9)))*100))
A41: =Summary!A10 | B41: =Summary!B10 | C41: =IF(OR(Summary!F10="",Summary!$O10<2),"",IF(MAX(Summary!$F10:$L10)=MIN(Summary!$F10:$L10),100,IF(Summary!$E10="Lower",(MAX(Summary!$F10:$L10)-Summary!F10)/(MAX(Summary!$F10:$L10)-MIN(Summary!$F10:$L10)),(Summary!F10-MIN(Summary!$F10:$L10))/(MAX(Summary!$F10:$L10)-MIN(Summary!$F10:$L10)))*100)) | D41: =IF(OR(Summary!G10="",Summary!$O10<2),"",IF(MAX(Summary!$F10:$L10)=MIN(Summary!$F10:$L10),100,IF(Summary!$E10="Lower",(MAX(Summary!$F10:$L10)-Summary!G10)/(MAX(Summary!$F10:$L10)-MIN(Summary!$F10:$L10)),(Summary!G10-MIN(Summary!$F10:$L10))/(MAX(Summary!$F10:$L10)-MIN(Summary!$F10:$L10)))*100)) | E41: =IF(OR(Summary!H10="",Summary!$O10<2),"",IF(MAX(Summary!$F10:$L10)=MIN(Summary!$F10:$L10),100,IF(Summary!$E10="Lower",(MAX(Summary!$F10:$L10)-Summary!H10)/(MAX(Summary!$F10:$L10)-MIN(Summary!$F10:$L10)),(Summary!H10-MIN(Summary!$F10:$L10))/(MAX(Summary!$F10:$L10)-MIN(Summary!$F10:$L10)))*100)) | F41: =IF(OR(Summary!I10="",Summary!$O10<2),"",IF(MAX(Summary!$F10:$L10)=MIN(Summary!$F10:$L10),100,IF(Summary!$E10="Lower",(MAX(Summary!$F10:$L10)-Summary!I10)/(MAX(Summary!$F10:$L10)-MIN(Summary!$F10:$L10)),(Summary!I10-MIN(Summary!$F10:$L10))/(MAX(Summary!$F10:$L10)-MIN(Summary!$F10:$L10)))*100)) | G41: =IF(OR(Summary!J10="",Summary!$O10<2),"",IF(MAX(Summary!$F10:$L10)=MIN(Summary!$F10:$L10),100,IF(Summary!$E10="Lower",(MAX(Summary!$F10:$L10)-Summary!J10)/(MAX(Summary!$F10:$L10)-MIN(Summary!$F10:$L10)),(Summary!J10-MIN(Summary!$F10:$L10))/(MAX(Summary!$F10:$L10)-MIN(Summary!$F10:$L10)))*100)) | H41: =IF(OR(Summary!K10="",Summary!$O10<2),"",IF(MAX(Summary!$F10:$L10)=MIN(Summary!$F10:$L10),100,IF(Summary!$E10="Lower",(MAX(Summary!$F10:$L10)-Summary!K10)/(MAX(Summary!$F10:$L10)-MIN(Summary!$F10:$L10)),(Summary!K10-MIN(Summary!$F10:$L10))/(MAX(Summary!$F10:$L10)-MIN(Summary!$F10:$L10)))*100)) | I41: =IF(OR(Summary!L10="",Summary!$O10<2),"",IF(MAX(Summary!$F10:$L10)=MIN(Summary!$F10:$L10),100,IF(Summary!$E10="Lower",(MAX(Summary!$F10:$L10)-Summary!L10)/(MAX(Summary!$F10:$L10)-MIN(Summary!$F10:$L10)),(Summary!L10-MIN(Summary!$F10:$L10))/(MAX(Summary!$F10:$L10)-MIN(Summary!$F10:$L10)))*100))
A42: =Summary!A11 | B42: =Summary!B11 | C42: =IF(OR(Summary!F11="",Summary!$O11<2),"",IF(MAX(Summary!$F11:$L11)=MIN(Summary!$F11:$L11),100,IF(Summary!$E11="Lower",(MAX(Summary!$F11:$L11)-Summary!F11)/(MAX(Summary!$F11:$L11)-MIN(Summary!$F11:$L11)),(Summary!F11-MIN(Summary!$F11:$L11))/(MAX(Summary!$F11:$L11)-MIN(Summary!$F11:$L11)))*100)) | D42: =IF(OR(Summary!G11="",Summary!$O11<2),"",IF(MAX(Summary!$F11:$L11)=MIN(Summary!$F11:$L11),100,IF(Summary!$E11="Lower",(MAX(Summary!$F11:$L11)-Summary!G11)/(MAX(Summary!$F11:$L11)-MIN(Summary!$F11:$L11)),(Summary!G11-MIN(Summary!$F11:$L11))/(MAX(Summary!$F11:$L11)-MIN(Summary!$F11:$L11)))*100)) | E42: =IF(OR(Summary!H11="",Summary!$O11<2),"",IF(MAX(Summary!$F11:$L11)=MIN(Summary!$F11:$L11),100,IF(Summary!$E11="Lower",(MAX(Summary!$F11:$L11)-Summary!H11)/(MAX(Summary!$F11:$L11)-MIN(Summary!$F11:$L11)),(Summary!H11-MIN(Summary!$F11:$L11))/(MAX(Summary!$F11:$L11)-MIN(Summary!$F11:$L11)))*100)) | F42: =IF(OR(Summary!I11="",Summary!$O11<2),"",IF(MAX(Summary!$F11:$L11)=MIN(Summary!$F11:$L11),100,IF(Summary!$E11="Lower",(MAX(Summary!$F11:$L11)-Summary!I11)/(MAX(Summary!$F11:$L11)-MIN(Summary!$F11:$L11)),(Summary!I11-MIN(Summary!$F11:$L11))/(MAX(Summary!$F11:$L11)-MIN(Summary!$F11:$L11)))*100)) | G42: =IF(OR(Summary!J11="",Summary!$O11<2),"",IF(MAX(Summary!$F11:$L11)=MIN(Summary!$F11:$L11),100,IF(Summary!$E11="Lower",(MAX(Summary!$F11:$L11)-Summary!J11)/(MAX(Summary!$F11:$L11)-MIN(Summary!$F11:$L11)),(Summary!J11-MIN(Summary!$F11:$L11))/(MAX(Summary!$F11:$L11)-MIN(Summary!$F11:$L11)))*100)) | H42: =IF(OR(Summary!K11="",Summary!$O11<2),"",IF(MAX(Summary!$F11:$L11)=MIN(Summary!$F11:$L11),100,IF(Summary!$E11="Lower",(MAX(Summary!$F11:$L11)-Summary!K11)/(MAX(Summary!$F11:$L11)-MIN(Summary!$F11:$L11)),(Summary!K11-MIN(Summary!$F11:$L11))/(MAX(Summary!$F11:$L11)-MIN(Summary!$F11:$L11)))*100)) | I42: =IF(OR(Summary!L11="",Summary!$O11<2),"",IF(MAX(Summary!$F11:$L11)=MIN(Summary!$F11:$L11),100,IF(Summary!$E11="Lower",(MAX(Summary!$F11:$L11)-Summary!L11)/(MAX(Summary!$F11:$L11)-MIN(Summary!$F11:$L11)),(Summary!L11-MIN(Summary!$F11:$L11))/(MAX(Summary!$F11:$L11)-MIN(Summary!$F11:$L11)))*100))
A43: =Summary!A12 | B43: =Summary!B12 | C43: =IF(OR(Summary!F12="",Summary!$O12<2),"",IF(MAX(Summary!$F12:$L12)=MIN(Summary!$F12:$L12),100,IF(Summary!$E12="Lower",(MAX(Summary!$F12:$L12)-Summary!F12)/(MAX(Summary!$F12:$L12)-MIN(Summary!$F12:$L12)),(Summary!F12-MIN(Summary!$F12:$L12))/(MAX(Summary!$F12:$L12)-MIN(Summary!$F12:$L12)))*100)) | D43: =IF(OR(Summary!G12="",Summary!$O12<2),"",IF(MAX(Summary!$F12:$L12)=MIN(Summary!$F12:$L12),100,IF(Summary!$E12="Lower",(MAX(Summary!$F12:$L12)-Summary!G12)/(MAX(Summary!$F12:$L12)-MIN(Summary!$F12:$L12)),(Summary!G12-MIN(Summary!$F12:$L12))/(MAX(Summary!$F12:$L12)-MIN(Summary!$F12:$L12)))*100)) | E43: =IF(OR(Summary!H12="",Summary!$O12<2),"",IF(MAX(Summary!$F12:$L12)=MIN(Summary!$F12:$L12),100,IF(Summary!$E12="Lower",(MAX(Summary!$F12:$L12)-Summary!H12)/(MAX(Summary!$F12:$L12)-MIN(Summary!$F12:$L12)),(Summary!H12-MIN(Summary!$F12:$L12))/(MAX(Summary!$F12:$L12)-MIN(Summary!$F12:$L12)))*100)) | F43: =IF(OR(Summary!I12="",Summary!$O12<2),"",IF(MAX(Summary!$F12:$L12)=MIN(Summary!$F12:$L12),100,IF(Summary!$E12="Lower",(MAX(Summary!$F12:$L12)-Summary!I12)/(MAX(Summary!$F12:$L12)-MIN(Summary!$F12:$L12)),(Summary!I12-MIN(Summary!$F12:$L12))/(MAX(Summary!$F12:$L12)-MIN(Summary!$F12:$L12)))*100)) | G43: =IF(OR(Summary!J12="",Summary!$O12<2),"",IF(MAX(Summary!$F12:$L12)=MIN(Summary!$F12:$L12),100,IF(Summary!$E12="Lower",(MAX(Summary!$F12:$L12)-Summary!J12)/(MAX(Summary!$F12:$L12)-MIN(Summary!$F12:$L12)),(Summary!J12-MIN(Summary!$F12:$L12))/(MAX(Summary!$F12:$L12)-MIN(Summary!$F12:$L12)))*100)) | H43: =IF(OR(Summary!K12="",Summary!$O12<2),"",IF(MAX(Summary!$F12:$L12)=MIN(Summary!$F12:$L12),100,IF(Summary!$E12="Lower",(MAX(Summary!$F12:$L12)-Summary!K12)/(MAX(Summary!$F12:$L12)-MIN(Summary!$F12:$L12)),(Summary!K12-MIN(Summary!$F12:$L12))/(MAX(Summary!$F12:$L12)-MIN(Summary!$F12:$L12)))*100)) | I43: =IF(OR(Summary!L12="",Summary!$O12<2),"",IF(MAX(Summary!$F12:$L12)=MIN(Summary!$F12:$L12),100,IF(Summary!$E12="Lower",(MAX(Summary!$F12:$L12)-Summary!L12)/(MAX(Summary!$F12:$L12)-MIN(Summary!$F12:$L12)),(Summary!L12-MIN(Summary!$F12:$L12))/(MAX(Summary!$F12:$L12)-MIN(Summary!$F12:$L12)))*100))
A44: =Summary!A13 | B44: =Summary!B13 | C44: =IF(OR(Summary!F13="",Summary!$O13<2),"",IF(MAX(Summary!$F13:$L13)=MIN(Summary!$F13:$L13),100,IF(Summary!$E13="Lower",(MAX(Summary!$F13:$L13)-Summary!F13)/(MAX(Summary!$F13:$L13)-MIN(Summary!$F13:$L13)),(Summary!F13-MIN(Summary!$F13:$L13))/(MAX(Summary!$F13:$L13)-MIN(Summary!$F13:$L13)))*100)) | D44: =IF(OR(Summary!G13="",Summary!$O13<2),"",IF(MAX(Summary!$F13:$L13)=MIN(Summary!$F13:$L13),100,IF(Summary!$E13="Lower",(MAX(Summary!$F13:$L13)-Summary!G13)/(MAX(Summary!$F13:$L13)-MIN(Summary!$F13:$L13)),(Summary!G13-MIN(Summary!$F13:$L13))/(MAX(Summary!$F13:$L13)-MIN(Summary!$F13:$L13)))*100)) | E44: =IF(OR(Summary!H13="",Summary!$O13<2),"",IF(MAX(Summary!$F13:$L13)=MIN(Summary!$F13:$L13),100,IF(Summary!$E13="Lower",(MAX(Summary!$F13:$L13)-Summary!H13)/(MAX(Summary!$F13:$L13)-MIN(Summary!$F13:$L13)),(Summary!H13-MIN(Summary!$F13:$L13))/(MAX(Summary!$F13:$L13)-MIN(Summary!$F13:$L13)))*100)) | F44: =IF(OR(Summary!I13="",Summary!$O13<2),"",IF(MAX(Summary!$F13:$L13)=MIN(Summary!$F13:$L13),100,IF(Summary!$E13="Lower",(MAX(Summary!$F13:$L13)-Summary!I13)/(MAX(Summary!$F13:$L13)-MIN(Summary!$F13:$L13)),(Summary!I13-MIN(Summary!$F13:$L13))/(MAX(Summary!$F13:$L13)-MIN(Summary!$F13:$L13)))*100)) | G44: =IF(OR(Summary!J13="",Summary!$O13<2),"",IF(MAX(Summary!$F13:$L13)=MIN(Summary!$F13:$L13),100,IF(Summary!$E13="Lower",(MAX(Summary!$F13:$L13)-Summary!J13)/(MAX(Summary!$F13:$L13)-MIN(Summary!$F13:$L13)),(Summary!J13-MIN(Summary!$F13:$L13))/(MAX(Summary!$F13:$L13)-MIN(Summary!$F13:$L13)))*100)) | H44: =IF(OR(Summary!K13="",Summary!$O13<2),"",IF(MAX(Summary!$F13:$L13)=MIN(Summary!$F13:$L13),100,IF(Summary!$E13="Lower",(MAX(Summary!$F13:$L13)-Summary!K13)/(MAX(Summary!$F13:$L13)-MIN(Summary!$F13:$L13)),(Summary!K13-MIN(Summary!$F13:$L13))/(MAX(Summary!$F13:$L13)-MIN(Summary!$F13:$L13)))*100)) | I44: =IF(OR(Summary!L13="",Summary!$O13<2),"",IF(MAX(Summary!$F13:$L13)=MIN(Summary!$F13:$L13),100,IF(Summary!$E13="Lower",(MAX(Summary!$F13:$L13)-Summary!L13)/(MAX(Summary!$F13:$L13)-MIN(Summary!$F13:$L13)),(Summary!L13-MIN(Summary!$F13:$L13))/(MAX(Summary!$F13:$L13)-MIN(Summary!$F13:$L13)))*100))
A45: =Summary!A14 | B45: =Summary!B14 | C45: =IF(OR(Summary!F14="",Summary!$O14<2),"",IF(MAX(Summary!$F14:$L14)=MIN(Summary!$F14:$L14),100,IF(Summary!$E14="Lower",(MAX(Summary!$F14:$L14)-Summary!F14)/(MAX(Summary!$F14:$L14)-MIN(Summary!$F14:$L14)),(Summary!F14-MIN(Summary!$F14:$L14))/(MAX(Summary!$F14:$L14)-MIN(Summary!$F14:$L14)))*100)) | D45: =IF(OR(Summary!G14="",Summary!$O14<2),"",IF(MAX(Summary!$F14:$L14)=MIN(Summary!$F14:$L14),100,IF(Summary!$E14="Lower",(MAX(Summary!$F14:$L14)-Summary!G14)/(MAX(Summary!$F14:$L14)-MIN(Summary!$F14:$L14)),(Summary!G14-MIN(Summary!$F14:$L14))/(MAX(Summary!$F14:$L14)-MIN(Summary!$F14:$L14)))*100)) | E45: =IF(OR(Summary!H14="",Summary!$O14<2),"",IF(MAX(Summary!$F14:$L14)=MIN(Summary!$F14:$L14),100,IF(Summary!$E14="Lower",(MAX(Summary!$F14:$L14)-Summary!H14)/(MAX(Summary!$F14:$L14)-MIN(Summary!$F14:$L14)),(Summary!H14-MIN(Summary!$F14:$L14))/(MAX(Summary!$F14:$L14)-MIN(Summary!$F14:$L14)))*100)) | F45: =IF(OR(Summary!I14="",Summary!$O14<2),"",IF(MAX(Summary!$F14:$L14)=MIN(Summary!$F14:$L14),100,IF(Summary!$E14="Lower",(MAX(Summary!$F14:$L14)-Summary!I14)/(MAX(Summary!$F14:$L14)-MIN(Summary!$F14:$L14)),(Summary!I14-MIN(Summary!$F14:$L14))/(MAX(Summary!$F14:$L14)-MIN(Summary!$F14:$L14)))*100)) | G45: =IF(OR(Summary!J14="",Summary!$O14<2),"",IF(MAX(Summary!$F14:$L14)=MIN(Summary!$F14:$L14),100,IF(Summary!$E14="Lower",(MAX(Summary!$F14:$L14)-Summary!J14)/(MAX(Summary!$F14:$L14)-MIN(Summary!$F14:$L14)),(Summary!J14-MIN(Summary!$F14:$L14))/(MAX(Summary!$F14:$L14)-MIN(Summary!$F14:$L14)))*100)) | H45: =IF(OR(Summary!K14="",Summary!$O14<2),"",IF(MAX(Summary!$F14:$L14)=MIN(Summary!$F14:$L14),100,IF(Summary!$E14="Lower",(MAX(Summary!$F14:$L14)-Summary!K14)/(MAX(Summary!$F14:$L14)-MIN(Summary!$F14:$L14)),(Summary!K14-MIN(Summary!$F14:$L14))/(MAX(Summary!$F14:$L14)-MIN(Summary!$F14:$L14)))*100)) | I45: =IF(OR(Summary!L14="",Summary!$O14<2),"",IF(MAX(Summary!$F14:$L14)=MIN(Summary!$F14:$L14),100,IF(Summary!$E14="Lower",(MAX(Summary!$F14:$L14)-Summary!L14)/(MAX(Summary!$F14:$L14)-MIN(Summary!$F14:$L14)),(Summary!L14-MIN(Summary!$F14:$L14))/(MAX(Summary!$F14:$L14)-MIN(Summary!$F14:$L14)))*100))
A46: =Summary!A15 | B46: =Summary!B15 | C46: =IF(OR(Summary!F15="",Summary!$O15<2),"",IF(MAX(Summary!$F15:$L15)=MIN(Summary!$F15:$L15),100,IF(Summary!$E15="Lower",(MAX(Summary!$F15:$L15)-Summary!F15)/(MAX(Summary!$F15:$L15)-MIN(Summary!$F15:$L15)),(Summary!F15-MIN(Summary!$F15:$L15))/(MAX(Summary!$F15:$L15)-MIN(Summary!$F15:$L15)))*100)) | D46: =IF(OR(Summary!G15="",Summary!$O15<2),"",IF(MAX(Summary!$F15:$L15)=MIN(Summary!$F15:$L15),100,IF(Summary!$E15="Lower",(MAX(Summary!$F15:$L15)-Summary!G15)/(MAX(Summary!$F15:$L15)-MIN(Summary!$F15:$L15)),(Summary!G15-MIN(Summary!$F15:$L15))/(MAX(Summary!$F15:$L15)-MIN(Summary!$F15:$L15)))*100)) | E46: =IF(OR(Summary!H15="",Summary!$O15<2),"",IF(MAX(Summary!$F15:$L15)=MIN(Summary!$F15:$L15),100,IF(Summary!$E15="Lower",(MAX(Summary!$F15:$L15)-Summary!H15)/(MAX(Summary!$F15:$L15)-MIN(Summary!$F15:$L15)),(Summary!H15-MIN(Summary!$F15:$L15))/(MAX(Summary!$F15:$L15)-MIN(Summary!$F15:$L15)))*100)) | F46: =IF(OR(Summary!I15="",Summary!$O15<2),"",IF(MAX(Summary!$F15:$L15)=MIN(Summary!$F15:$L15),100,IF(Summary!$E15="Lower",(MAX(Summary!$F15:$L15)-Summary!I15)/(MAX(Summary!$F15:$L15)-MIN(Summary!$F15:$L15)),(Summary!I15-MIN(Summary!$F15:$L15))/(MAX(Summary!$F15:$L15)-MIN(Summary!$F15:$L15)))*100)) | G46: =IF(OR(Summary!J15="",Summary!$O15<2),"",IF(MAX(Summary!$F15:$L15)=MIN(Summary!$F15:$L15),100,IF(Summary!$E15="Lower",(MAX(Summary!$F15:$L15)-Summary!J15)/(MAX(Summary!$F15:$L15)-MIN(Summary!$F15:$L15)),(Summary!J15-MIN(Summary!$F15:$L15))/(MAX(Summary!$F15:$L15)-MIN(Summary!$F15:$L15)))*100)) | H46: =IF(OR(Summary!K15="",Summary!$O15<2),"",IF(MAX(Summary!$F15:$L15)=MIN(Summary!$F15:$L15),100,IF(Summary!$E15="Lower",(MAX(Summary!$F15:$L15)-Summary!K15)/(MAX(Summary!$F15:$L15)-MIN(Summary!$F15:$L15)),(Summary!K15-MIN(Summary!$F15:$L15))/(MAX(Summary!$F15:$L15)-MIN(Summary!$F15:$L15)))*100)) | I46: =IF(OR(Summary!L15="",Summary!$O15<2),"",IF(MAX(Summary!$F15:$L15)=MIN(Summary!$F15:$L15),100,IF(Summary!$E15="Lower",(MAX(Summary!$F15:$L15)-Summary!L15)/(MAX(Summary!$F15:$L15)-MIN(Summary!$F15:$L15)),(Summary!L15-MIN(Summary!$F15:$L15))/(MAX(Summary!$F15:$L15)-MIN(Summary!$F15:$L15)))*100))
A47: =Summary!A16 | B47: =Summary!B16 | C47: =IF(OR(Summary!F16="",Summary!$O16<2),"",IF(MAX(Summary!$F16:$L16)=MIN(Summary!$F16:$L16),100,IF(Summary!$E16="Lower",(MAX(Summary!$F16:$L16)-Summary!F16)/(MAX(Summary!$F16:$L16)-MIN(Summary!$F16:$L16)),(Summary!F16-MIN(Summary!$F16:$L16))/(MAX(Summary!$F16:$L16)-MIN(Summary!$F16:$L16)))*100)) | D47: =IF(OR(Summary!G16="",Summary!$O16<2),"",IF(MAX(Summary!$F16:$L16)=MIN(Summary!$F16:$L16),100,IF(Summary!$E16="Lower",(MAX(Summary!$F16:$L16)-Summary!G16)/(MAX(Summary!$F16:$L16)-MIN(Summary!$F16:$L16)),(Summary!G16-MIN(Summary!$F16:$L16))/(MAX(Summary!$F16:$L16)-MIN(Summary!$F16:$L16)))*100)) | E47: =IF(OR(Summary!H16="",Summary!$O16<2),"",IF(MAX(Summary!$F16:$L16)=MIN(Summary!$F16:$L16),100,IF(Summary!$E16="Lower",(MAX(Summary!$F16:$L16)-Summary!H16)/(MAX(Summary!$F16:$L16)-MIN(Summary!$F16:$L16)),(Summary!H16-MIN(Summary!$F16:$L16))/(MAX(Summary!$F16:$L16)-MIN(Summary!$F16:$L16)))*100)) | F47: =IF(OR(Summary!I16="",Summary!$O16<2),"",IF(MAX(Summary!$F16:$L16)=MIN(Summary!$F16:$L16),100,IF(Summary!$E16="Lower",(MAX(Summary!$F16:$L16)-Summary!I16)/(MAX(Summary!$F16:$L16)-MIN(Summary!$F16:$L16)),(Summary!I16-MIN(Summary!$F16:$L16))/(MAX(Summary!$F16:$L16)-MIN(Summary!$F16:$L16)))*100)) | G47: =IF(OR(Summary!J16="",Summary!$O16<2),"",IF(MAX(Summary!$F16:$L16)=MIN(Summary!$F16:$L16),100,IF(Summary!$E16="Lower",(MAX(Summary!$F16:$L16)-Summary!J16)/(MAX(Summary!$F16:$L16)-MIN(Summary!$F16:$L16)),(Summary!J16-MIN(Summary!$F16:$L16))/(MAX(Summary!$F16:$L16)-MIN(Summary!$F16:$L16)))*100)) | H47: =IF(OR(Summary!K16="",Summary!$O16<2),"",IF(MAX(Summary!$F16:$L16)=MIN(Summary!$F16:$L16),100,IF(Summary!$E16="Lower",(MAX(Summary!$F16:$L16)-Summary!K16)/(MAX(Summary!$F16:$L16)-MIN(Summary!$F16:$L16)),(Summary!K16-MIN(Summary!$F16:$L16))/(MAX(Summary!$F16:$L16)-MIN(Summary!$F16:$L16)))*100)) | I47: =IF(OR(Summary!L16="",Summary!$O16<2),"",IF(MAX(Summary!$F16:$L16)=MIN(Summary!$F16:$L16),100,IF(Summary!$E16="Lower",(MAX(Summary!$F16:$L16)-Summary!L16)/(MAX(Summary!$F16:$L16)-MIN(Summary!$F16:$L16)),(Summary!L16-MIN(Summary!$F16:$L16))/(MAX(Summary!$F16:$L16)-MIN(Summary!$F16:$L16)))*100))
A48: =Summary!A17 | B48: =Summary!B17 | C48: =IF(OR(Summary!F17="",Summary!$O17<2),"",IF(MAX(Summary!$F17:$L17)=MIN(Summary!$F17:$L17),100,IF(Summary!$E17="Lower",(MAX(Summary!$F17:$L17)-Summary!F17)/(MAX(Summary!$F17:$L17)-MIN(Summary!$F17:$L17)),(Summary!F17-MIN(Summary!$F17:$L17))/(MAX(Summary!$F17:$L17)-MIN(Summary!$F17:$L17)))*100)) | D48: =IF(OR(Summary!G17="",Summary!$O17<2),"",IF(MAX(Summary!$F17:$L17)=MIN(Summary!$F17:$L17),100,IF(Summary!$E17="Lower",(MAX(Summary!$F17:$L17)-Summary!G17)/(MAX(Summary!$F17:$L17)-MIN(Summary!$F17:$L17)),(Summary!G17-MIN(Summary!$F17:$L17))/(MAX(Summary!$F17:$L17)-MIN(Summary!$F17:$L17)))*100)) | E48: =IF(OR(Summary!H17="",Summary!$O17<2),"",IF(MAX(Summary!$F17:$L17)=MIN(Summary!$F17:$L17),100,IF(Summary!$E17="Lower",(MAX(Summary!$F17:$L17)-Summary!H17)/(MAX(Summary!$F17:$L17)-MIN(Summary!$F17:$L17)),(Summary!H17-MIN(Summary!$F17:$L17))/(MAX(Summary!$F17:$L17)-MIN(Summary!$F17:$L17)))*100)) | F48: =IF(OR(Summary!I17="",Summary!$O17<2),"",IF(MAX(Summary!$F17:$L17)=MIN(Summary!$F17:$L17),100,IF(Summary!$E17="Lower",(MAX(Summary!$F17:$L17)-Summary!I17)/(MAX(Summary!$F17:$L17)-MIN(Summary!$F17:$L17)),(Summary!I17-MIN(Summary!$F17:$L17))/(MAX(Summary!$F17:$L17)-MIN(Summary!$F17:$L17)))*100)) | G48: =IF(OR(Summary!J17="",Summary!$O17<2),"",IF(MAX(Summary!$F17:$L17)=MIN(Summary!$F17:$L17),100,IF(Summary!$E17="Lower",(MAX(Summary!$F17:$L17)-Summary!J17)/(MAX(Summary!$F17:$L17)-MIN(Summary!$F17:$L17)),(Summary!J17-MIN(Summary!$F17:$L17))/(MAX(Summary!$F17:$L17)-MIN(Summary!$F17:$L17)))*100)) | H48: =IF(OR(Summary!K17="",Summary!$O17<2),"",IF(MAX(Summary!$F17:$L17)=MIN(Summary!$F17:$L17),100,IF(Summary!$E17="Lower",(MAX(Summary!$F17:$L17)-Summary!K17)/(MAX(Summary!$F17:$L17)-MIN(Summary!$F17:$L17)),(Summary!K17-MIN(Summary!$F17:$L17))/(MAX(Summary!$F17:$L17)-MIN(Summary!$F17:$L17)))*100)) | I48: =IF(OR(Summary!L17="",Summary!$O17<2),"",IF(MAX(Summary!$F17:$L17)=MIN(Summary!$F17:$L17),100,IF(Summary!$E17="Lower",(MAX(Summary!$F17:$L17)-Summary!L17)/(MAX(Summary!$F17:$L17)-MIN(Summary!$F17:$L17)),(Summary!L17-MIN(Summary!$F17:$L17))/(MAX(Summary!$F17:$L17)-MIN(Summary!$F17:$L17)))*100))
A49: =Summary!A18 | B49: =Summary!B18 | C49: =IF(OR(Summary!F18="",Summary!$O18<2),"",IF(MAX(Summary!$F18:$L18)=MIN(Summary!$F18:$L18),100,IF(Summary!$E18="Lower",(MAX(Summary!$F18:$L18)-Summary!F18)/(MAX(Summary!$F18:$L18)-MIN(Summary!$F18:$L18)),(Summary!F18-MIN(Summary!$F18:$L18))/(MAX(Summary!$F18:$L18)-MIN(Summary!$F18:$L18)))*100)) | D49: =IF(OR(Summary!G18="",Summary!$O18<2),"",IF(MAX(Summary!$F18:$L18)=MIN(Summary!$F18:$L18),100,IF(Summary!$E18="Lower",(MAX(Summary!$F18:$L18)-Summary!G18)/(MAX(Summary!$F18:$L18)-MIN(Summary!$F18:$L18)),(Summary!G18-MIN(Summary!$F18:$L18))/(MAX(Summary!$F18:$L18)-MIN(Summary!$F18:$L18)))*100)) | E49: =IF(OR(Summary!H18="",Summary!$O18<2),"",IF(MAX(Summary!$F18:$L18)=MIN(Summary!$F18:$L18),100,IF(Summary!$E18="Lower",(MAX(Summary!$F18:$L18)-Summary!H18)/(MAX(Summary!$F18:$L18)-MIN(Summary!$F18:$L18)),(Summary!H18-MIN(Summary!$F18:$L18))/(MAX(Summary!$F18:$L18)-MIN(Summary!$F18:$L18)))*100)) | F49: =IF(OR(Summary!I18="",Summary!$O18<2),"",IF(MAX(Summary!$F18:$L18)=MIN(Summary!$F18:$L18),100,IF(Summary!$E18="Lower",(MAX(Summary!$F18:$L18)-Summary!I18)/(MAX(Summary!$F18:$L18)-MIN(Summary!$F18:$L18)),(Summary!I18-MIN(Summary!$F18:$L18))/(MAX(Summary!$F18:$L18)-MIN(Summary!$F18:$L18)))*100)) | G49: =IF(OR(Summary!J18="",Summary!$O18<2),"",IF(MAX(Summary!$F18:$L18)=MIN(Summary!$F18:$L18),100,IF(Summary!$E18="Lower",(MAX(Summary!$F18:$L18)-Summary!J18)/(MAX(Summary!$F18:$L18)-MIN(Summary!$F18:$L18)),(Summary!J18-MIN(Summary!$F18:$L18))/(MAX(Summary!$F18:$L18)-MIN(Summary!$F18:$L18)))*100)) | H49: =IF(OR(Summary!K18="",Summary!$O18<2),"",IF(MAX(Summary!$F18:$L18)=MIN(Summary!$F18:$L18),100,IF(Summary!$E18="Lower",(MAX(Summary!$F18:$L18)-Summary!K18)/(MAX(Summary!$F18:$L18)-MIN(Summary!$F18:$L18)),(Summary!K18-MIN(Summary!$F18:$L18))/(MAX(Summary!$F18:$L18)-MIN(Summary!$F18:$L18)))*100)) | I49: =IF(OR(Summary!L18="",Summary!$O18<2),"",IF(MAX(Summary!$F18:$L18)=MIN(Summary!$F18:$L18),100,IF(Summary!$E18="Lower",(MAX(Summary!$F18:$L18)-Summary!L18)/(MAX(Summary!$F18:$L18)-MIN(Summary!$F18:$L18)),(Summary!L18-MIN(Summary!$F18:$L18))/(MAX(Summary!$F18:$L18)-MIN(Summary!$F18:$L18)))*100))
... A87: =Summary!A56 | B87: =Summary!B56 | C87: =IF(OR(Summary!F56="",Summary!$O56<2),"",IF(MAX(Summary!$F56:$L56)=MIN(Summary!$F56:$L56),100,IF(Summary!$E56="Lower",(MAX(Summary!$F56:$L56)-Summary!F56)/(MAX(Summary!$F56:$L56)-MIN(Summary!$F56:$L56)),(Summary!F56-MIN(Summary!$F56:$L56))/(MAX(Summary!$F56:$L56)-MIN(Summary!$F56:$L56)))*100)) | D87: =IF(OR(Summary!G56="",Summary!$O56<2),"",IF(MAX(Summary!$F56:$L56)=MIN(Summary!$F56:$L56),100,IF(Summary!$E56="Lower",(MAX(Summary!$F56:$L56)-Summary!G56)/(MAX(Summary!$F56:$L56)-MIN(Summary!$F56:$L56)),(Summary!G56-MIN(Summary!$F56:$L56))/(MAX(Summary!$F56:$L56)-MIN(Summary!$F56:$L56)))*100)) | E87: =IF(OR(Summary!H56="",Summary!$O56<2),"",IF(MAX(Summary!$F56:$L56)=MIN(Summary!$F56:$L56),100,IF(Summary!$E56="Lower",(MAX(Summary!$F56:$L56)-Summary!H56)/(MAX(Summary!$F56:$L56)-MIN(Summary!$F56:$L56)),(Summary!H56-MIN(Summary!$F56:$L56))/(MAX(Summary!$F56:$L56)-MIN(Summary!$F56:$L56)))*100)) | F87: =IF(OR(Summary!I56="",Summary!$O56<2),"",IF(MAX(Summary!$F56:$L56)=MIN(Summary!$F56:$L56),100,IF(Summary!$E56="Lower",(MAX(Summary!$F56:$L56)-Summary!I56)/(MAX(Summary!$F56:$L56)-MIN(Summary!$F56:$L56)),(Summary!I56-MIN(Summary!$F56:$L56))/(MAX(Summary!$F56:$L56)-MIN(Summary!$F56:$L56)))*100)) | G87: =IF(OR(Summary!J56="",Summary!$O56<2),"",IF(MAX(Summary!$F56:$L56)=MIN(Summary!$F56:$L56),100,IF(Summary!$E56="Lower",(MAX(Summary!$F56:$L56)-Summary!J56)/(MAX(Summary!$F56:$L56)-MIN(Summary!$F56:$L56)),(Summary!J56-MIN(Summary!$F56:$L56))/(MAX(Summary!$F56:$L56)-MIN(Summary!$F56:$L56)))*100)) | H87: =IF(OR(Summary!K56="",Summary!$O56<2),"",IF(MAX(Summary!$F56:$L56)=MIN(Summary!$F56:$L56),100,IF(Summary!$E56="Lower",(MAX(Summary!$F56:$L56)-Summary!K56)/(MAX(Summary!$F56:$L56)-MIN(Summary!$F56:$L56)),(Summary!K56-MIN(Summary!$F56:$L56))/(MAX(Summary!$F56:$L56)-MIN(Summary!$F56:$L56)))*100)) | I87: =IF(OR(Summary!L56="",Summary!$O56<2),"",IF(MAX(Summary!$F56:$L56)=MIN(Summary!$F56:$L56),100,IF(Summary!$E56="Lower",(MAX(Summary!$F56:$L56)-Summary!L56)/(MAX(Summary!$F56:$L56)-MIN(Summary!$F56:$L56)),(Summary!L56-MIN(Summary!$F56:$L56))/(MAX(Summary!$F56:$L56)-MIN(Summary!$F56:$L56)))*100))
A89: Method: for each metric, score = 100 × (worst − app) ÷ (worst − best), so the best app gets 100 and the worst gets 0 (needs at least 2 apps measured). Category score = average of its metric scores. Overall = weighted average of category scores, using only categories with data. 'Data coverage' shows how much of the total weight was measured for that app; compare apps fairly only when coverage is similar. Unranked apps (RISE UAT) take part in these formulas only if present; the combined report excludes them from ranks.

Sheet Metric Catalogue
A1: Metric Catalogue
A2: Every metric in the benchmark: what it measures, which tool, and exactly how to take the reading.
A4: ID | B4: Category | C4: Metric | D4: Unit | E4: Better | F4: Recorded on tab | G4: Tool | H4: How to measure
A5: L1 | B5: Loading Time | C5: Cold start (OS-reported launch time) | D5: ms | E5: Lower | F5: 1 Load & Network | G5: ADB (bench.py) | H5: adb shell am force-stop <pkg>, then adb shell am start -W -n <pkg>/<activity> and read TotalTime. bench.py --group coldstart does this.
A6: L2 | B6: Loading Time | C6: PIN/biometric submit → home fully rendered | D6: ms | E6: Lower | F6: 1 Load & Network | G6: scrcpy | H6: Record with scrcpy --record. Count frames from the PIN-submit frame to the frame where home stops changing, then divide by the recording fps.
A7: L3 | B7: Loading Time | C7: Watchlist tab > Bench 20 → Bench 20 symbols (20 stocks, A–Z) fully rendered (first open, Medium account) | D7: ms | E7: Lower | F7: 1 Load & Network | G7: scrcpy | H7: Same frame-count method. 'Fully rendered' means every value in Bench 20 symbols (20 stocks, A–Z) is visible with no loader or shimmer.
A8: L4 | B8: Loading Time | C8: Watchlist tab > Bench 20 re-open (second visit in same session) | D8: ms | E8: Lower | F8: 1 Load & Network | G8: scrcpy | H8: Leave Watchlist tab > Bench 20 for another tab, come back, and measure until fully rendered. Shows in-memory caching.
A9: L5 | B9: Loading Time | C9: stock quote page open | D9: ms | E9: Lower | F9: 1 Load & Network | G9: scrcpy | H9: Tap the first item in Bench 20 symbols (20 stocks, A–Z) and measure until stock quote page is fully rendered.
A10: L6 | B10: Loading Time | C10: Pull-to-refresh complete on Watchlist tab > Bench 20 | D10: ms | E10: Lower | F10: 1 Load & Network | G10: scrcpy | H10: Measure from release of the pull gesture until the refresh indicator disappears and values update.
A11: L7 | B11: Loading Time | C11: Warm resume after 30 s in background (on Watchlist tab > Bench 20) | D11: ms | E11: Lower | F11: 1 Load & Network | G11: scrcpy | H11: On Watchlist tab > Bench 20, press Home, wait 30 s, reopen from Recents. Measure until Watchlist tab > Bench 20 is interactive with fresh data. Note if it asks for the PIN again.
A12: L8 | B12: Loading Time | C12: Resume after 5 min in background (on Watchlist tab > Bench 20) | D12: ms | E12: Lower | F12: 1 Load & Network | G12: scrcpy | H12: Same as L7 with a 5-minute wait. Note if it asks for the PIN again or reloads fully.
A13: L9 | B13: User-wise | C13: Watchlist tab > Bench 20 load – Small account | D13: ms | E13: Lower | F13: 1 Load & Network | G13: scrcpy | H13: L3 method on the Small test account.
A14: L10 | B14: User-wise | C14: Watchlist tab > Bench 20 load – Large account | D14: ms | E14: Lower | F14: 1 Load & Network | G14: scrcpy | H14: L3 method on the Large test account.
A15: L11 | B15: API / Network | C15: Network connections during Watchlist tab > Bench 20 load | D15: count | E15: Lower | F15: 1 Load & Network | G15: PCAPdroid | H15: In PCAPdroid, filter to the app and start capture. Open Watchlist tab > Bench 20 cold and count the connections opened in the first 10 s.
... A54: A4 | B54: Stability | C54: Play Store download size | D54: MB | E54: Lower | F54: 9 App Info & Stability | G54: Play Store | H54: Size shown on the Play Store install button or in 'About this app' on the test device.

Sheet Test Setup
A1: Test Setup
A2: Filled from env.csv by build_report.py. Every result is only comparable if the setup stays fixed.
A4: Test device
A5: Label | B5: Model | C5: Android version | D5: RAM (GB) | E5: Render rate (Hz) | F5: Refresh mode | G5: Developer | H5: Notes
A6: OPPO CPH3009 | B6: OPPO CPH3009 | C6: 17 | D6: 5.4 | E6: 90.0 | F6: 120.00001 | G6: mahidhar | H6: Market-hours block 2026-10-23 (idle/live). 2.4 GHz Wi-Fi Mahi_work (deviation from 5 GHz). PCAPdroid off. Phone unplugged. Bench 20 in all apps.
A9: Network and conditions
A10: Item | B10: Value | C10: Notes
A11: Wi-Fi RSSI (dBm) / link speed (Mbps) | B11: -63 / 65
A12: Speed test – download (Mbps)
A13: Private DNS mode | B13: off
A14: Battery % / charging | B14: 88 / no
A15: Thermal status | B15: 0
A16: Animation scales | B16: 1.0/1.0/1.0
A17: Test accounts (holdings / watchlist size per app)
A18: App | B18: Version tested | C18: Logged in with data? | D18: Holdings / watchlist size | E18: Notes
A19: RISE | B19: 6.2.09
A20: Kite | B20: 3.11.11
A21: Groww | B21: 18.21.1
A22: Angel One | B22: 126.10.0
A23: INDmoney | B23: 9.9.86
A24: Kotak Neo | B24: 2.2.86
A25: SAHI | B25: 1.0
A27: Test rules (same for every app)
A28: 1. Same phone, same Android version and same Wi-Fi for every app in this module. Don't update the OS mid-benchmark.
A29: 2. Before each session: battery above 50%, brightness fixed, all other apps closed, Do Not Disturb on, Power saving off.
A30: 3. Five runs per timing metric, three for live sessions, one for facts. The sheet uses the MEDIAN.
A31: 4. If a row's Variation (max−min ÷ median) turns red (above 20%), check for interference and redo that row.
A32: 5. Live-data tests (U1–U5, C1–C4) only during market hours (09:15–15:30 IST).
A33: 6. Phone-scoped metrics (L1, L2, R1, R4–R8, X1, X2, X4, A3, A4) come from the _app module, measured once per phone.
A34: 7. Keep adb logcat -b crash running in every session to catch crashes and ANRs.

Sheet 1 Load & Network
A1: 1 Load & Network
A2: Loading time for Watchlist tab > Bench 20, API/network behaviour, user-wise (account size) loads, offline recovery. Filled from runs.csv; Median/Min/Max/Variation are formulas.
A4: ID | B4: Metric | C4: Unit | D4: App | E4: Device | F4: Lookup key | G4: Run 1 | H4: Run 2 | I4: Run 3 | J4: Run 4 | K4: Run 5 | L4: Median | M4: Min | N4: Max | O4: Variation | P4: Notes
A5: L1 | B5: Cold start (OS-reported launch time) | C5: ms | D5: RISE | E5: OPPO CPH3009 | F5: =A5&"|"&D5&"|"&E5 | G5: 842 | H5: 750 | I5: 678 | J5: 710 | K5: 654 | L5: =IF(COUNT(G5:K5)=0,"",MEDIAN(G5:K5)) | M5: =IF(COUNT(G5:K5)=0,"",MIN(G5:K5)) | N5: =IF(COUNT(G5:K5)=0,"",MAX(G5:K5)) | O5: =IF(COUNT(G5:K5)<2,"",IF(L5=0,"",(N5-M5)/L5))
A6: L1 | B6: Cold start (OS-reported launch time) | C6: ms | D6: Kite | E6: OPPO CPH3009 | F6: =A6&"|"&D6&"|"&E6 | G6: 597 | H6: 598 | I6: 611 | J6: 604 | K6: 618 | L6: =IF(COUNT(G6:K6)=0,"",MEDIAN(G6:K6)) | M6: =IF(COUNT(G6:K6)=0,"",MIN(G6:K6)) | N6: =IF(COUNT(G6:K6)=0,"",MAX(G6:K6)) | O6: =IF(COUNT(G6:K6)<2,"",IF(L6=0,"",(N6-M6)/L6))
A7: L1 | B7: Cold start (OS-reported launch time) | C7: ms | D7: Groww | E7: OPPO CPH3009 | F7: =A7&"|"&D7&"|"&E7 | G7: 665 | H7: 651 | I7: 665 | J7: 613 | K7: 610 | L7: =IF(COUNT(G7:K7)=0,"",MEDIAN(G7:K7)) | M7: =IF(COUNT(G7:K7)=0,"",MIN(G7:K7)) | N7: =IF(COUNT(G7:K7)=0,"",MAX(G7:K7)) | O7: =IF(COUNT(G7:K7)<2,"",IF(L7=0,"",(N7-M7)/L7))
A8: L1 | B8: Cold start (OS-reported launch time) | C8: ms | D8: Angel One | E8: OPPO CPH3009 | F8: =A8&"|"&D8&"|"&E8 | G8: 712 | H8: 662 | I8: 666 | J8: 675 | K8: 660 | L8: =IF(COUNT(G8:K8)=0,"",MEDIAN(G8:K8)) | M8: =IF(COUNT(G8:K8)=0,"",MIN(G8:K8)) | N8: =IF(COUNT(G8:K8)=0,"",MAX(G8:K8)) | O8: =IF(COUNT(G8:K8)<2,"",IF(L8=0,"",(N8-M8)/L8))
A9: L1 | B9: Cold start (OS-reported launch time) | C9: ms | D9: INDmoney | E9: OPPO CPH3009 | F9: =A9&"|"&D9&"|"&E9 | G9: 561 | H9: 512 | I9: 511 | J9: 530 | K9: 469 | L9: =IF(COUNT(G9:K9)=0,"",MEDIAN(G9:K9)) | M9: =IF(COUNT(G9:K9)=0,"",MIN(G9:K9)) | N9: =IF(COUNT(G9:K9)=0,"",MAX(G9:K9)) | O9: =IF(COUNT(G9:K9)<2,"",IF(L9=0,"",(N9-M9)/L9))
A10: L1 | B10: Cold start (OS-reported launch time) | C10: ms | D10: Kotak Neo | E10: OPPO CPH3009 | F10: =A10&"|"&D10&"|"&E10 | G10: 911 | H10: 809 | I10: 818 | J10: 790 | K10: 798 | L10: =IF(COUNT(G10:K10)=0,"",MEDIAN(G10:K10)) | M10: =IF(COUNT(G10:K10)=0,"",MIN(G10:K10)) | N10: =IF(COUNT(G10:K10)=0,"",MAX(G10:K10)) | O10: =IF(COUNT(G10:K10)<2,"",IF(L10=0,"",(N10-M10)/L10))
A11: L1 | B11: Cold start (OS-reported launch time) | C11: ms | D11: SAHI | E11: OPPO CPH3009 | F11: =A11&"|"&D11&"|"&E11 | G11: 794 | H11: 727 | I11: 712 | J11: 715 | K11: 748 | L11: =IF(COUNT(G11:K11)=0,"",MEDIAN(G11:K11)) | M11: =IF(COUNT(G11:K11)=0,"",MIN(G11:K11)) | N11: =IF(COUNT(G11:K11)=0,"",MAX(G11:K11)) | O11: =IF(COUNT(G11:K11)<2,"",IF(L11=0,"",(N11-M11)/L11))
A12: L2 | B12: PIN/biometric submit → home fully rendered | C12: ms | D12: RISE | E12: OPPO CPH3009 | F12: =A12&"|"&D12&"|"&E12 | L12: =IF(COUNT(G12:K12)=0,"",MEDIAN(G12:K12)) | M12: =IF(COUNT(G12:K12)=0,"",MIN(G12:K12)) | N12: =IF(COUNT(G12:K12)=0,"",MAX(G12:K12)) | O12: =IF(COUNT(G12:K12)<2,"",IF(L12=0,"",(N12-M12)/L12))
A13: L2 | B13: PIN/biometric submit → home fully rendered | C13: ms | D13: Kite | E13: OPPO CPH3009 | F13: =A13&"|"&D13&"|"&E13 | L13: =IF(COUNT(G13:K13)=0,"",MEDIAN(G13:K13)) | M13: =IF(COUNT(G13:K13)=0,"",MIN(G13:K13)) | N13: =IF(COUNT(G13:K13)=0,"",MAX(G13:K13)) | O13: =IF(COUNT(G13:K13)<2,"",IF(L13=0,"",(N13-M13)/L13))
A14: L2 | B14: PIN/biometric submit → home fully rendered | C14: ms | D14: Groww | E14: OPPO CPH3009 | F14: =A14&"|"&D14&"|"&E14 | L14: =IF(COUNT(G14:K14)=0,"",MEDIAN(G14:K14)) | M14: =IF(COUNT(G14:K14)=0,"",MIN(G14:K14)) | N14: =IF(COUNT(G14:K14)=0,"",MAX(G14:K14)) | O14: =IF(COUNT(G14:K14)<2,"",IF(L14=0,"",(N14-M14)/L14))
A15: L2 | B15: PIN/biometric submit → home fully rendered | C15: ms | D15: Angel One | E15: OPPO CPH3009 | F15: =A15&"|"&D15&"|"&E15 | L15: =IF(COUNT(G15:K15)=0,"",MEDIAN(G15:K15)) | M15: =IF(COUNT(G15:K15)=0,"",MIN(G15:K15)) | N15: =IF(COUNT(G15:K15)=0,"",MAX(G15:K15)) | O15: =IF(COUNT(G15:K15)<2,"",IF(L15=0,"",(N15-M15)/L15))
A16: L2 | B16: PIN/biometric submit → home fully rendered | C16: ms | D16: INDmoney | E16: OPPO CPH3009 | F16: =A16&"|"&D16&"|"&E16 | L16: =IF(COUNT(G16:K16)=0,"",MEDIAN(G16:K16)) | M16: =IF(COUNT(G16:K16)=0,"",MIN(G16:K16)) | N16: =IF(COUNT(G16:K16)=0,"",MAX(G16:K16)) | O16: =IF(COUNT(G16:K16)<2,"",IF(L16=0,"",(N16-M16)/L16))
A17: L2 | B17: PIN/biometric submit → home fully rendered | C17: ms | D17: Kotak Neo | E17: OPPO CPH3009 | F17: =A17&"|"&D17&"|"&E17 | L17: =IF(COUNT(G17:K17)=0,"",MEDIAN(G17:K17)) | M17: =IF(COUNT(G17:K17)=0,"",MIN(G17:K17)) | N17: =IF(COUNT(G17:K17)=0,"",MAX(G17:K17)) | O17: =IF(COUNT(G17:K17)<2,"",IF(L17=0,"",(N17-M17)/L17))
A18: L2 | B18: PIN/biometric submit → home fully rendered | C18: ms | D18: SAHI | E18: OPPO CPH3009 | F18: =A18&"|"&D18&"|"&E18 | L18: =IF(COUNT(G18:K18)=0,"",MEDIAN(G18:K18)) | M18: =IF(COUNT(G18:K18)=0,"",MIN(G18:K18)) | N18: =IF(COUNT(G18:K18)=0,"",MAX(G18:K18)) | O18: =IF(COUNT(G18:K18)<2,"",IF(L18=0,"",(N18-M18)/L18))
A19: L3 | B19: Watchlist tab > Bench 20 → Bench 20 symbols (20 stocks, A–Z) fully rendered (first open, Medium account) | C19: ms | D19: RISE | E19: OPPO CPH3009 | F19: =A19&"|"&D19&"|"&E19 | L19: =IF(COUNT(G19:K19)=0,"",MEDIAN(G19:K19)) | M19: =IF(COUNT(G19:K19)=0,"",MIN(G19:K19)) | N19: =IF(COUNT(G19:K19)=0,"",MAX(G19:K19)) | O19: =IF(COUNT(G19:K19)<2,"",IF(L19=0,"",(N19-M19)/L19))
A20: L3 | B20: Watchlist tab > Bench 20 → Bench 20 symbols (20 stocks, A–Z) fully rendered (first open, Medium account) | C20: ms | D20: Kite | E20: OPPO CPH3009 | F20: =A20&"|"&D20&"|"&E20 | L20: =IF(COUNT(G20:K20)=0,"",MEDIAN(G20:K20)) | M20: =IF(COUNT(G20:K20)=0,"",MIN(G20:K20)) | N20: =IF(COUNT(G20:K20)=0,"",MAX(G20:K20)) | O20: =IF(COUNT(G20:K20)<2,"",IF(L20=0,"",(N20-M20)/L20))
A21: L3 | B21: Watchlist tab > Bench 20 → Bench 20 symbols (20 stocks, A–Z) fully rendered (first open, Medium account) | C21: ms | D21: Groww | E21: OPPO CPH3009 | F21: =A21&"|"&D21&"|"&E21 | L21: =IF(COUNT(G21:K21)=0,"",MEDIAN(G21:K21)) | M21: =IF(COUNT(G21:K21)=0,"",MIN(G21:K21)) | N21: =IF(COUNT(G21:K21)=0,"",MAX(G21:K21)) | O21: =IF(COUNT(G21:K21)<2,"",IF(L21=0,"",(N21-M21)/L21))
A22: L3 | B22: Watchlist tab > Bench 20 → Bench 20 symbols (20 stocks, A–Z) fully rendered (first open, Medium account) | C22: ms | D22: Angel One | E22: OPPO CPH3009 | F22: =A22&"|"&D22&"|"&E22 | L22: =IF(COUNT(G22:K22)=0,"",MEDIAN(G22:K22)) | M22: =IF(COUNT(G22:K22)=0,"",MIN(G22:K22)) | N22: =IF(COUNT(G22:K22)=0,"",MAX(G22:K22)) | O22: =IF(COUNT(G22:K22)<2,"",IF(L22=0,"",(N22-M22)/L22))
A23: L3 | B23: Watchlist tab > Bench 20 → Bench 20 symbols (20 stocks, A–Z) fully rendered (first open, Medium account) | C23: ms | D23: INDmoney | E23: OPPO CPH3009 | F23: =A23&"|"&D23&"|"&E23 | L23: =IF(COUNT(G23:K23)=0,"",MEDIAN(G23:K23)) | M23: =IF(COUNT(G23:K23)=0,"",MIN(G23:K23)) | N23: =IF(COUNT(G23:K23)=0,"",MAX(G23:K23)) | O23: =IF(COUNT(G23:K23)<2,"",IF(L23=0,"",(N23-M23)/L23))
... A102: L14 | B102: In-screen tab / sub-section switch on Watchlist tab > Bench 20, tap to content | C102: ms | D102: SAHI | E102: OPPO CPH3009 | F102: =A102&"|"&D102&"|"&E102 | L102: =IF(COUNT(G102:K102)=0,"",MEDIAN(G102:K102)) | M102: =IF(COUNT(G102:K102)=0,"",MIN(G102:K102)) | N102: =IF(COUNT(G102:K102)=0,"",MAX(G102:K102)) | O102: =IF(COUNT(G102:K102)<2,"",IF(L102=0,"",(N102-M102)/L102))
A103: L15 | B103: Data per Watchlist tab > Bench 20 open (received + sent, open + 8 s) | C103: KB | D103: RISE | E103: OPPO CPH3009 | F103: =A103&"|"&D103&"|"&E103 | G103: 115.1 | H103: 75.7 | I103: 71.6 | J103: 71.7 | K103: 94.5 | L103: =IF(COUNT(G103:K103)=0,"",MEDIAN(G103:K103)) | M103: =IF(COUNT(G103:K103)=0,"",MIN(G103:K103)) | N103: =IF(COUNT(G103:K103)=0,"",MAX(G103:K103)) | O103: =IF(COUNT(G103:K103)<2,"",IF(L103=0,"",(N103-M103)/L103)) | P103: open + 8 s
A104: L15 | B104: Data per Watchlist tab > Bench 20 open (received + sent, open + 8 s) | C104: KB | D104: Kite | E104: OPPO CPH3009 | F104: =A104&"|"&D104&"|"&E104 | G104: 8.5 | H104: 6 | I104: 5.7 | J104: 5.5 | K104: 5.6 | L104: =IF(COUNT(G104:K104)=0,"",MEDIAN(G104:K104)) | M104: =IF(COUNT(G104:K104)=0,"",MIN(G104:K104)) | N104: =IF(COUNT(G104:K104)=0,"",MAX(G104:K104)) | O104: =IF(COUNT(G104:K104)<2,"",IF(L104=0,"",(N104-M104)/L104)) | P104: open + 8 s
A105: L15 | B105: Data per Watchlist tab > Bench 20 open (received + sent, open + 8 s) | C105: KB | D105: Groww | E105: OPPO CPH3009 | F105: =A105&"|"&D105&"|"&E105 | G105: 117.4 | H105: 73.6 | I105: 78.2 | J105: 104.1 | K105: 108.1 | L105: =IF(COUNT(G105:K105)=0,"",MEDIAN(G105:K105)) | M105: =IF(COUNT(G105:K105)=0,"",MIN(G105:K105)) | N105: =IF(COUNT(G105:K105)=0,"",MAX(G105:K105)) | O105: =IF(COUNT(G105:K105)<2,"",IF(L105=0,"",(N105-M105)/L105)) | P105: open + 8 s
A106: L15 | B106: Data per Watchlist tab > Bench 20 open (received + sent, open + 8 s) | C106: KB | D106: Angel One | E106: OPPO CPH3009 | F106: =A106&"|"&D106&"|"&E106 | G106: 108.5 | H106: 64.2 | I106: 97.2 | J106: 412.7 | K106: 39 | L106: =IF(COUNT(G106:K106)=0,"",MEDIAN(G106:K106)) | M106: =IF(COUNT(G106:K106)=0,"",MIN(G106:K106)) | N106: =IF(COUNT(G106:K106)=0,"",MAX(G106:K106)) | O106: =IF(COUNT(G106:K106)<2,"",IF(L106=0,"",(N106-M106)/L106)) | P106: open + 8 s
A107: L15 | B107: Data per Watchlist tab > Bench 20 open (received + sent, open + 8 s) | C107: KB | D107: INDmoney | E107: OPPO CPH3009 | F107: =A107&"|"&D107&"|"&E107 | G107: 544.2 | H107: 410 | I107: 721.5 | J107: 370.3 | K107: 552.3 | L107: =IF(COUNT(G107:K107)=0,"",MEDIAN(G107:K107)) | M107: =IF(COUNT(G107:K107)=0,"",MIN(G107:K107)) | N107: =IF(COUNT(G107:K107)=0,"",MAX(G107:K107)) | O107: =IF(COUNT(G107:K107)<2,"",IF(L107=0,"",(N107-M107)/L107)) | P107: open + 8 s
A108: L15 | B108: Data per Watchlist tab > Bench 20 open (received + sent, open + 8 s) | C108: KB | D108: Kotak Neo | E108: OPPO CPH3009 | F108: =A108&"|"&D108&"|"&E108 | G108: 197.2 | H108: 25.2 | I108: 28.7 | J108: 18.6 | K108: 19.6 | L108: =IF(COUNT(G108:K108)=0,"",MEDIAN(G108:K108)) | M108: =IF(COUNT(G108:K108)=0,"",MIN(G108:K108)) | N108: =IF(COUNT(G108:K108)=0,"",MAX(G108:K108)) | O108: =IF(COUNT(G108:K108)<2,"",IF(L108=0,"",(N108-M108)/L108)) | P108: open + 8 s
A109: L15 | B109: Data per Watchlist tab > Bench 20 open (received + sent, open + 8 s) | C109: KB | D109: SAHI | E109: OPPO CPH3009 | F109: =A109&"|"&D109&"|"&E109 | G109: 28.8 | H109: 21.5 | I109: 21.5 | J109: 22.7 | K109: 28.6 | L109: =IF(COUNT(G109:K109)=0,"",MEDIAN(G109:K109)) | M109: =IF(COUNT(G109:K109)=0,"",MIN(G109:K109)) | N109: =IF(COUNT(G109:K109)=0,"",MAX(G109:K109)) | O109: =IF(COUNT(G109:K109)<2,"",IF(L109=0,"",(N109-M109)/L109)) | P109: open + 8 s

Sheet 2 Scroll FPS
A1: 2 Scroll FPS
A2: Scrolling smoothness on Bench 20 symbols (20 stocks, A–Z) and gesture jank. Perfetto FrameTimeline for every app (bench.py).
A4: ID | B4: Metric | C4: Unit | D4: App | E4: Device | F4: Lookup key | G4: Run 1 | H4: Run 2 | I4: Run 3 | J4: Run 4 | K4: Run 5 | L4: Median | M4: Min | N4: Max | O4: Variation | P4: Notes
A5: S1 | B5: Janky frames while scrolling Bench 20 symbols (20 stocks, A–Z) (Medium account) | C5: % | D5: RISE | E5: OPPO CPH3009 | F5: =A5&"|"&D5&"|"&E5 | G5: 0.59 | H5: 0.41 | I5: 0.34 | J5: 0.33 | K5: 0.33 | L5: =IF(COUNT(G5:K5)=0,"",MEDIAN(G5:K5)) | M5: =IF(COUNT(G5:K5)=0,"",MIN(G5:K5)) | N5: =IF(COUNT(G5:K5)=0,"",MAX(G5:K5)) | O5: =IF(COUNT(G5:K5)<2,"",IF(L5=0,"",(N5-M5)/L5)) | P5: (1190 frames, layer TX - VRI-com.mosl.mobile/com.mosl.mobile.MainActivity#14055) | (1190 frames, layer TX - VRI-com.mosl.mobile/com.mosl.mobile.MainActivity#15284) | (1201 frames, layer TX - VRI-com.mosl.mobile/com.mosl.mobile.MainActivity#15868) | (
A6: S1 | B6: Janky frames while scrolling Bench 20 symbols (20 stocks, A–Z) (Medium account) | C6: % | D6: Kite | E6: OPPO CPH3009 | F6: =A6&"|"&D6&"|"&E6 | L6: =IF(COUNT(G6:K6)=0,"",MEDIAN(G6:K6)) | M6: =IF(COUNT(G6:K6)=0,"",MIN(G6:K6)) | N6: =IF(COUNT(G6:K6)=0,"",MAX(G6:K6)) | O6: =IF(COUNT(G6:K6)<2,"",IF(L6=0,"",(N6-M6)/L6)) | P6: no frames from the app; was Bench 20 symbols (20 stocks, A–Z) on screen?
A7: S1 | B7: Janky frames while scrolling Bench 20 symbols (20 stocks, A–Z) (Medium account) | C7: % | D7: Groww | E7: OPPO CPH3009 | F7: =A7&"|"&D7&"|"&E7 | G7: 0.28 | H7: 0.21 | I7: 0.35 | J7: 0.21 | K7: 0.21 | L7: =IF(COUNT(G7:K7)=0,"",MEDIAN(G7:K7)) | M7: =IF(COUNT(G7:K7)=0,"",MIN(G7:K7)) | N7: =IF(COUNT(G7:K7)=0,"",MAX(G7:K7)) | O7: =IF(COUNT(G7:K7)<2,"",IF(L7=0,"",(N7-M7)/L7)) | P7: (1436 frames, layer TX - VRI-com.nextbillion.groww/com.nextbillion.groww.genesys) | (1437 frames, layer TX - VRI-com.nextbillion.groww/com.nextbillion.groww.genesys) | (1438 frames, layer TX - VRI-com.nextbillion.groww/com.nextbillion.groww.genesys)
A8: S1 | B8: Janky frames while scrolling Bench 20 symbols (20 stocks, A–Z) (Medium account) | C8: % | D8: Angel One | E8: OPPO CPH3009 | F8: =A8&"|"&D8&"|"&E8 | G8: 0.56 | H8: 0.41 | I8: 1.04 | J8: 0.75 | K8: 0.39 | L8: =IF(COUNT(G8:K8)=0,"",MEDIAN(G8:K8)) | M8: =IF(COUNT(G8:K8)=0,"",MIN(G8:K8)) | N8: =IF(COUNT(G8:K8)=0,"",MAX(G8:K8)) | O8: =IF(COUNT(G8:K8)<2,"",IF(L8=0,"",(N8-M8)/L8)) | P8: (480 frames, layer TX - VRI-com.msf.angelmobile/com.angelbroking.spark.common.M) | (487 frames, layer TX - VRI-com.msf.angelmobile/com.angelbroking.spark.common.M) | (509 frames, layer TX - VRI-com.msf.angelmobile/com.angelbroking.spark.common.M) | (
A9: S1 | B9: Janky frames while scrolling Bench 20 symbols (20 stocks, A–Z) (Medium account) | C9: % | D9: INDmoney | E9: OPPO CPH3009 | F9: =A9&"|"&D9&"|"&E9 | G9: 0.38 | H9: 0.45 | I9: 0.92 | J9: 0.45 | K9: 0.67 | L9: =IF(COUNT(G9:K9)=0,"",MEDIAN(G9:K9)) | M9: =IF(COUNT(G9:K9)=0,"",MIN(G9:K9)) | N9: =IF(COUNT(G9:K9)=0,"",MAX(G9:K9)) | O9: =IF(COUNT(G9:K9)<2,"",IF(L9=0,"",(N9-M9)/L9)) | P9: (1306 frames, layer TX - VRI-in.indwealth/com.indwealth.android.ui.home.HomeActi) | (1309 frames, layer TX - VRI-in.indwealth/com.indwealth.android.ui.home.HomeActi) | (1329 frames, layer TX - VRI-in.indwealth/com.indwealth.android.ui.home.HomeActi)
A10: S1 | B10: Janky frames while scrolling Bench 20 symbols (20 stocks, A–Z) (Medium account) | C10: % | D10: Kotak Neo | E10: OPPO CPH3009 | F10: =A10&"|"&D10&"|"&E10 | L10: =IF(COUNT(G10:K10)=0,"",MEDIAN(G10:K10)) | M10: =IF(COUNT(G10:K10)=0,"",MIN(G10:K10)) | N10: =IF(COUNT(G10:K10)=0,"",MAX(G10:K10)) | O10: =IF(COUNT(G10:K10)<2,"",IF(L10=0,"",(N10-M10)/L10)) | P10: no frames from the app; was Bench 20 symbols (20 stocks, A–Z) on screen?
A11: S1 | B11: Janky frames while scrolling Bench 20 symbols (20 stocks, A–Z) (Medium account) | C11: % | D11: SAHI | E11: OPPO CPH3009 | F11: =A11&"|"&D11&"|"&E11 | L11: =IF(COUNT(G11:K11)=0,"",MEDIAN(G11:K11)) | M11: =IF(COUNT(G11:K11)=0,"",MIN(G11:K11)) | N11: =IF(COUNT(G11:K11)=0,"",MAX(G11:K11)) | O11: =IF(COUNT(G11:K11)<2,"",IF(L11=0,"",(N11-M11)/L11)) | P11: no frames from the app; was Bench 20 symbols (20 stocks, A–Z) on screen?
A12: S2 | B12: Frame duration – 50th percentile | C12: ms | D12: RISE | E12: OPPO CPH3009 | F12: =A12&"|"&D12&"|"&E12 | G12: 6.3 | H12: 6.3 | I12: 6.3 | J12: 6.3 | K12: 6.3 | L12: =IF(COUNT(G12:K12)=0,"",MEDIAN(G12:K12)) | M12: =IF(COUNT(G12:K12)=0,"",MIN(G12:K12)) | N12: =IF(COUNT(G12:K12)=0,"",MAX(G12:K12)) | O12: =IF(COUNT(G12:K12)<2,"",IF(L12=0,"",(N12-M12)/L12))
A13: S2 | B13: Frame duration – 50th percentile | C13: ms | D13: Kite | E13: OPPO CPH3009 | F13: =A13&"|"&D13&"|"&E13 | L13: =IF(COUNT(G13:K13)=0,"",MEDIAN(G13:K13)) | M13: =IF(COUNT(G13:K13)=0,"",MIN(G13:K13)) | N13: =IF(COUNT(G13:K13)=0,"",MAX(G13:K13)) | O13: =IF(COUNT(G13:K13)<2,"",IF(L13=0,"",(N13-M13)/L13)) | P13: no frames from the app; was Bench 20 symbols (20 stocks, A–Z) on screen?
A14: S2 | B14: Frame duration – 50th percentile | C14: ms | D14: Groww | E14: OPPO CPH3009 | F14: =A14&"|"&D14&"|"&E14 | G14: 11.3 | H14: 11.4 | I14: 11.1 | J14: 11.3 | K14: 11.2 | L14: =IF(COUNT(G14:K14)=0,"",MEDIAN(G14:K14)) | M14: =IF(COUNT(G14:K14)=0,"",MIN(G14:K14)) | N14: =IF(COUNT(G14:K14)=0,"",MAX(G14:K14)) | O14: =IF(COUNT(G14:K14)<2,"",IF(L14=0,"",(N14-M14)/L14))
A15: S2 | B15: Frame duration – 50th percentile | C15: ms | D15: Angel One | E15: OPPO CPH3009 | F15: =A15&"|"&D15&"|"&E15 | G15: 5 | H15: 5.4 | I15: 4.8 | J15: 5.3 | K15: 5.4 | L15: =IF(COUNT(G15:K15)=0,"",MEDIAN(G15:K15)) | M15: =IF(COUNT(G15:K15)=0,"",MIN(G15:K15)) | N15: =IF(COUNT(G15:K15)=0,"",MAX(G15:K15)) | O15: =IF(COUNT(G15:K15)<2,"",IF(L15=0,"",(N15-M15)/L15))
A16: S2 | B16: Frame duration – 50th percentile | C16: ms | D16: INDmoney | E16: OPPO CPH3009 | F16: =A16&"|"&D16&"|"&E16 | G16: 8.5 | H16: 8.5 | I16: 9.2 | J16: 8.5 | K16: 8.6 | L16: =IF(COUNT(G16:K16)=0,"",MEDIAN(G16:K16)) | M16: =IF(COUNT(G16:K16)=0,"",MIN(G16:K16)) | N16: =IF(COUNT(G16:K16)=0,"",MAX(G16:K16)) | O16: =IF(COUNT(G16:K16)<2,"",IF(L16=0,"",(N16-M16)/L16))
A17: S2 | B17: Frame duration – 50th percentile | C17: ms | D17: Kotak Neo | E17: OPPO CPH3009 | F17: =A17&"|"&D17&"|"&E17 | L17: =IF(COUNT(G17:K17)=0,"",MEDIAN(G17:K17)) | M17: =IF(COUNT(G17:K17)=0,"",MIN(G17:K17)) | N17: =IF(COUNT(G17:K17)=0,"",MAX(G17:K17)) | O17: =IF(COUNT(G17:K17)<2,"",IF(L17=0,"",(N17-M17)/L17)) | P17: no frames from the app; was Bench 20 symbols (20 stocks, A–Z) on screen?
A18: S2 | B18: Frame duration – 50th percentile | C18: ms | D18: SAHI | E18: OPPO CPH3009 | F18: =A18&"|"&D18&"|"&E18 | L18: =IF(COUNT(G18:K18)=0,"",MEDIAN(G18:K18)) | M18: =IF(COUNT(G18:K18)=0,"",MIN(G18:K18)) | N18: =IF(COUNT(G18:K18)=0,"",MAX(G18:K18)) | O18: =IF(COUNT(G18:K18)<2,"",IF(L18=0,"",(N18-M18)/L18)) | P18: no frames from the app; was Bench 20 symbols (20 stocks, A–Z) on screen?
A19: S3 | B19: Frame duration – 90th percentile | C19: ms | D19: RISE | E19: OPPO CPH3009 | F19: =A19&"|"&D19&"|"&E19 | G19: 10.3 | H19: 9.7 | I19: 10.2 | J19: 9.3 | K19: 9.3 | L19: =IF(COUNT(G19:K19)=0,"",MEDIAN(G19:K19)) | M19: =IF(COUNT(G19:K19)=0,"",MIN(G19:K19)) | N19: =IF(COUNT(G19:K19)=0,"",MAX(G19:K19)) | O19: =IF(COUNT(G19:K19)<2,"",IF(L19=0,"",(N19-M19)/L19))
A20: S3 | B20: Frame duration – 90th percentile | C20: ms | D20: Kite | E20: OPPO CPH3009 | F20: =A20&"|"&D20&"|"&E20 | L20: =IF(COUNT(G20:K20)=0,"",MEDIAN(G20:K20)) | M20: =IF(COUNT(G20:K20)=0,"",MIN(G20:K20)) | N20: =IF(COUNT(G20:K20)=0,"",MAX(G20:K20)) | O20: =IF(COUNT(G20:K20)<2,"",IF(L20=0,"",(N20-M20)/L20)) | P20: no frames from the app; was Bench 20 symbols (20 stocks, A–Z) on screen?
A21: S3 | B21: Frame duration – 90th percentile | C21: ms | D21: Groww | E21: OPPO CPH3009 | F21: =A21&"|"&D21&"|"&E21 | G21: 14.9 | H21: 14.7 | I21: 14.6 | J21: 14.5 | K21: 15.1 | L21: =IF(COUNT(G21:K21)=0,"",MEDIAN(G21:K21)) | M21: =IF(COUNT(G21:K21)=0,"",MIN(G21:K21)) | N21: =IF(COUNT(G21:K21)=0,"",MAX(G21:K21)) | O21: =IF(COUNT(G21:K21)<2,"",IF(L21=0,"",(N21-M21)/L21))
A22: S3 | B22: Frame duration – 90th percentile | C22: ms | D22: Angel One | E22: OPPO CPH3009 | F22: =A22&"|"&D22&"|"&E22 | G22: 8.9 | H22: 8.7 | I22: 8.1 | J22: 8.6 | K22: 8.5 | L22: =IF(COUNT(G22:K22)=0,"",MEDIAN(G22:K22)) | M22: =IF(COUNT(G22:K22)=0,"",MIN(G22:K22)) | N22: =IF(COUNT(G22:K22)=0,"",MAX(G22:K22)) | O22: =IF(COUNT(G22:K22)<2,"",IF(L22=0,"",(N22-M22)/L22))
A23: S3 | B23: Frame duration – 90th percentile | C23: ms | D23: INDmoney | E23: OPPO CPH3009 | F23: =A23&"|"&D23&"|"&E23 | G23: 14.6 | H23: 14.8 | I23: 16 | J23: 14.8 | K23: 14.3 | L23: =IF(COUNT(G23:K23)=0,"",MEDIAN(G23:K23)) | M23: =IF(COUNT(G23:K23)=0,"",MIN(G23:K23)) | N23: =IF(COUNT(G23:K23)=0,"",MAX(G23:K23)) | O23: =IF(COUNT(G23:K23)<2,"",IF(L23=0,"",(N23-M23)/L23))
A24: S3 | B24: Frame duration – 90th percentile | C24: ms | D24: Kotak Neo | E24: OPPO CPH3009 | F24: =A24&"|"&D24&"|"&E24 | L24: =IF(COUNT(G24:K24)=0,"",MEDIAN(G24:K24)) | M24: =IF(COUNT(G24:K24)=0,"",MIN(G24:K24)) | N24: =IF(COUNT(G24:K24)=0,"",MAX(G24:K24)) | O24: =IF(COUNT(G24:K24)<2,"",IF(L24=0,"",(N24-M24)/L24)) | P24: no frames from the app; was Bench 20 symbols (20 stocks, A–Z) on screen?
A25: S3 | B25: Frame duration – 90th percentile | C25: ms | D25: SAHI | E25: OPPO CPH3009 | F25: =A25&"|"&D25&"|"&E25 | L25: =IF(COUNT(G25:K25)=0,"",MEDIAN(G25:K25)) | M25: =IF(COUNT(G25:K25)=0,"",MIN(G25:K25)) | N25: =IF(COUNT(G25:K25)=0,"",MAX(G25:K25)) | O25: =IF(COUNT(G25:K25)<2,"",IF(L25=0,"",(N25-M25)/L25)) | P25: no frames from the app; was Bench 20 symbols (20 stocks, A–Z) on screen?
A26: S4 | B26: Frame duration – 99th percentile | C26: ms | D26: RISE | E26: OPPO CPH3009 | F26: =A26&"|"&D26&"|"&E26 | G26: 16.2 | H26: 15.1 | I26: 15 | J26: 14.7 | K26: 14.6 | L26: =IF(COUNT(G26:K26)=0,"",MEDIAN(G26:K26)) | M26: =IF(COUNT(G26:K26)=0,"",MIN(G26:K26)) | N26: =IF(COUNT(G26:K26)=0,"",MAX(G26:K26)) | O26: =IF(COUNT(G26:K26)<2,"",IF(L26=0,"",(N26-M26)/L26))
A27: S4 | B27: Frame duration – 99th percentile | C27: ms | D27: Kite | E27: OPPO CPH3009 | F27: =A27&"|"&D27&"|"&E27 | L27: =IF(COUNT(G27:K27)=0,"",MEDIAN(G27:K27)) | M27: =IF(COUNT(G27:K27)=0,"",MIN(G27:K27)) | N27: =IF(COUNT(G27:K27)=0,"",MAX(G27:K27)) | O27: =IF(COUNT(G27:K27)<2,"",IF(L27=0,"",(N27-M27)/L27)) | P27: no frames from the app; was Bench 20 symbols (20 stocks, A–Z) on screen?
A28: S4 | B28: Frame duration – 99th percentile | C28: ms | D28: Groww | E28: OPPO CPH3009 | F28: =A28&"|"&D28&"|"&E28 | G28: 30.3 | H28: 30.4 | I28: 29.9 | J28: 27.1 | K28: 30.6 | L28: =IF(COUNT(G28:K28)=0,"",MEDIAN(G28:K28)) | M28: =IF(COUNT(G28:K28)=0,"",MIN(G28:K28)) | N28: =IF(COUNT(G28:K28)=0,"",MAX(G28:K28)) | O28: =IF(COUNT(G28:K28)<2,"",IF(L28=0,"",(N28-M28)/L28))
A29: S4 | B29: Frame duration – 99th percentile | C29: ms | D29: Angel One | E29: OPPO CPH3009 | F29: =A29&"|"&D29&"|"&E29 | G29: 20 | H29: 19.6 | I29: 19.6 | J29: 19.4 | K29: 17.8 | L29: =IF(COUNT(G29:K29)=0,"",MEDIAN(G29:K29)) | M29: =IF(COUNT(G29:K29)=0,"",MIN(G29:K29)) | N29: =IF(COUNT(G29:K29)=0,"",MAX(G29:K29)) | O29: =IF(COUNT(G29:K29)<2,"",IF(L29=0,"",(N29-M29)/L29))
A30: S4 | B30: Frame duration – 99th percentile | C30: ms | D30: INDmoney | E30: OPPO CPH3009 | F30: =A30&"|"&D30&"|"&E30 | G30: 22.1 | H30: 22.1 | I30: 22.1 | J30: 22.1 | K30: 22.2 | L30: =IF(COUNT(G30:K30)=0,"",MEDIAN(G30:K30)) | M30: =IF(COUNT(G30:K30)=0,"",MIN(G30:K30)) | N30: =IF(COUNT(G30:K30)=0,"",MAX(G30:K30)) | O30: =IF(COUNT(G30:K30)<2,"",IF(L30=0,"",(N30-M30)/L30))
A31: S4 | B31: Frame duration – 99th percentile | C31: ms | D31: Kotak Neo | E31: OPPO CPH3009 | F31: =A31&"|"&D31&"|"&E31 | L31: =IF(COUNT(G31:K31)=0,"",MEDIAN(G31:K31)) | M31: =IF(COUNT(G31:K31)=0,"",MIN(G31:K31)) | N31: =IF(COUNT(G31:K31)=0,"",MAX(G31:K31)) | O31: =IF(COUNT(G31:K31)<2,"",IF(L31=0,"",(N31-M31)/L31)) | P31: no frames from the app; was Bench 20 symbols (20 stocks, A–Z) on screen?
A32: S4 | B32: Frame duration – 99th percentile | C32: ms | D32: SAHI | E32: OPPO CPH3009 | F32: =A32&"|"&D32&"|"&E32 | L32: =IF(COUNT(G32:K32)=0,"",MEDIAN(G32:K32)) | M32: =IF(COUNT(G32:K32)=0,"",MIN(G32:K32)) | N32: =IF(COUNT(G32:K32)=0,"",MAX(G32:K32)) | O32: =IF(COUNT(G32:K32)<2,"",IF(L32=0,"",(N32-M32)/L32)) | P32: no frames from the app; was Bench 20 symbols (20 stocks, A–Z) on screen?
A33: S5 | B33: Average FPS while scrolling Bench 20 symbols (20 stocks, A–Z) | C33: fps | D33: RISE | E33: OPPO CPH3009 | F33: =A33&"|"&D33&"|"&E33 | G33: 74.4 | H33: 76.7 | I33: 74.6 | J33: 75.3 | K33: 76.1 | L33: =IF(COUNT(G33:K33)=0,"",MEDIAN(G33:K33)) | M33: =IF(COUNT(G33:K33)=0,"",MIN(G33:K33)) | N33: =IF(COUNT(G33:K33)=0,"",MAX(G33:K33)) | O33: =IF(COUNT(G33:K33)<2,"",IF(L33=0,"",(N33-M33)/L33))
A34: S5 | B34: Average FPS while scrolling Bench 20 symbols (20 stocks, A–Z) | C34: fps | D34: Kite | E34: OPPO CPH3009 | F34: =A34&"|"&D34&"|"&E34 | L34: =IF(COUNT(G34:K34)=0,"",MEDIAN(G34:K34)) | M34: =IF(COUNT(G34:K34)=0,"",MIN(G34:K34)) | N34: =IF(COUNT(G34:K34)=0,"",MAX(G34:K34)) | O34: =IF(COUNT(G34:K34)<2,"",IF(L34=0,"",(N34-M34)/L34)) | P34: no frames from the app; was Bench 20 symbols (20 stocks, A–Z) on screen?
A35: S5 | B35: Average FPS while scrolling Bench 20 symbols (20 stocks, A–Z) | C35: fps | D35: Groww | E35: OPPO CPH3009 | F35: =A35&"|"&D35&"|"&E35 | G35: 90 | H35: 90.1 | I35: 90 | J35: 90.1 | K35: 90.1 | L35: =IF(COUNT(G35:K35)=0,"",MEDIAN(G35:K35)) | M35: =IF(COUNT(G35:K35)=0,"",MIN(G35:K35)) | N35: =IF(COUNT(G35:K35)=0,"",MAX(G35:K35)) | O35: =IF(COUNT(G35:K35)<2,"",IF(L35=0,"",(N35-M35)/L35))
A36: S5 | B36: Average FPS while scrolling Bench 20 symbols (20 stocks, A–Z) | C36: fps | D36: Angel One | E36: OPPO CPH3009 | F36: =A36&"|"&D36&"|"&E36 | G36: 87.2 | H36: 88 | I36: 87.9 | J36: 88.4 | K36: 87.5 | L36: =IF(COUNT(G36:K36)=0,"",MEDIAN(G36:K36)) | M36: =IF(COUNT(G36:K36)=0,"",MIN(G36:K36)) | N36: =IF(COUNT(G36:K36)=0,"",MAX(G36:K36)) | O36: =IF(COUNT(G36:K36)<2,"",IF(L36=0,"",(N36-M36)/L36))
A37: S5 | B37: Average FPS while scrolling Bench 20 symbols (20 stocks, A–Z) | C37: fps | D37: INDmoney | E37: OPPO CPH3009 | F37: =A37&"|"&D37&"|"&E37 | G37: 120.3 | H37: 120.3 | I37: 120.2 | J37: 120.5 | K37: 120.4 | L37: =IF(COUNT(G37:K37)=0,"",MEDIAN(G37:K37)) | M37: =IF(COUNT(G37:K37)=0,"",MIN(G37:K37)) | N37: =IF(COUNT(G37:K37)=0,"",MAX(G37:K37)) | O37: =IF(COUNT(G37:K37)<2,"",IF(L37=0,"",(N37-M37)/L37))
A38: S5 | B38: Average FPS while scrolling Bench 20 symbols (20 stocks, A–Z) | C38: fps | D38: Kotak Neo | E38: OPPO CPH3009 | F38: =A38&"|"&D38&"|"&E38 | L38: =IF(COUNT(G38:K38)=0,"",MEDIAN(G38:K38)) | M38: =IF(COUNT(G38:K38)=0,"",MIN(G38:K38)) | N38: =IF(COUNT(G38:K38)=0,"",MAX(G38:K38)) | O38: =IF(COUNT(G38:K38)<2,"",IF(L38=0,"",(N38-M38)/L38)) | P38: no frames from the app; was Bench 20 symbols (20 stocks, A–Z) on screen?
A39: S5 | B39: Average FPS while scrolling Bench 20 symbols (20 stocks, A–Z) | C39: fps | D39: SAHI | E39: OPPO CPH3009 | F39: =A39&"|"&D39&"|"&E39 | L39: =IF(COUNT(G39:K39)=0,"",MEDIAN(G39:K39)) | M39: =IF(COUNT(G39:K39)=0,"",MIN(G39:K39)) | N39: =IF(COUNT(G39:K39)=0,"",MAX(G39:K39)) | O39: =IF(COUNT(G39:K39)<2,"",IF(L39=0,"",(N39-M39)/L39)) | P39: no frames from the app; was Bench 20 symbols (20 stocks, A–Z) on screen?
A40: S6 | B40: Janky frames – Large account | C40: % | D40: RISE | E40: OPPO CPH3009 | F40: =A40&"|"&D40&"|"&E40 | L40: =IF(COUNT(G40:K40)=0,"",MEDIAN(G40:K40)) | M40: =IF(COUNT(G40:K40)=0,"",MIN(G40:K40)) | N40: =IF(COUNT(G40:K40)=0,"",MAX(G40:K40)) | O40: =IF(COUNT(G40:K40)<2,"",IF(L40=0,"",(N40-M40)/L40))
A41: S6 | B41: Janky frames – Large account | C41: % | D41: Kite | E41: OPPO CPH3009 | F41: =A41&"|"&D41&"|"&E41 | L41: =IF(COUNT(G41:K41)=0,"",MEDIAN(G41:K41)) | M41: =IF(COUNT(G41:K41)=0,"",MIN(G41:K41)) | N41: =IF(COUNT(G41:K41)=0,"",MAX(G41:K41)) | O41: =IF(COUNT(G41:K41)<2,"",IF(L41=0,"",(N41-M41)/L41))
A42: S6 | B42: Janky frames – Large account | C42: % | D42: Groww | E42: OPPO CPH3009 | F42: =A42&"|"&D42&"|"&E42 | L42: =IF(COUNT(G42:K42)=0,"",MEDIAN(G42:K42)) | M42: =IF(COUNT(G42:K42)=0,"",MIN(G42:K42)) | N42: =IF(COUNT(G42:K42)=0,"",MAX(G42:K42)) | O42: =IF(COUNT(G42:K42)<2,"",IF(L42=0,"",(N42-M42)/L42))
A43: S6 | B43: Janky frames – Large account | C43: % | D43: Angel One | E43: OPPO CPH3009 | F43: =A43&"|"&D43&"|"&E43 | L43: =IF(COUNT(G43:K43)=0,"",MEDIAN(G43:K43)) | M43: =IF(COUNT(G43:K43)=0,"",MIN(G43:K43)) | N43: =IF(COUNT(G43:K43)=0,"",MAX(G43:K43)) | O43: =IF(COUNT(G43:K43)<2,"",IF(L43=0,"",(N43-M43)/L43))
A44: S6 | B44: Janky frames – Large account | C44: % | D44: INDmoney | E44: OPPO CPH3009 | F44: =A44&"|"&D44&"|"&E44 | L44: =IF(COUNT(G44:K44)=0,"",MEDIAN(G44:K44)) | M44: =IF(COUNT(G44:K44)=0,"",MIN(G44:K44)) | N44: =IF(COUNT(G44:K44)=0,"",MAX(G44:K44)) | O44: =IF(COUNT(G44:K44)<2,"",IF(L44=0,"",(N44-M44)/L44))
A45: S6 | B45: Janky frames – Large account | C45: % | D45: Kotak Neo | E45: OPPO CPH3009 | F45: =A45&"|"&D45&"|"&E45 | L45: =IF(COUNT(G45:K45)=0,"",MEDIAN(G45:K45)) | M45: =IF(COUNT(G45:K45)=0,"",MIN(G45:K45)) | N45: =IF(COUNT(G45:K45)=0,"",MAX(G45:K45)) | O45: =IF(COUNT(G45:K45)<2,"",IF(L45=0,"",(N45-M45)/L45))
A46: S6 | B46: Janky frames – Large account | C46: % | D46: SAHI | E46: OPPO CPH3009 | F46: =A46&"|"&D46&"|"&E46 | L46: =IF(COUNT(G46:K46)=0,"",MEDIAN(G46:K46)) | M46: =IF(COUNT(G46:K46)=0,"",MIN(G46:K46)) | N46: =IF(COUNT(G46:K46)=0,"",MAX(G46:K46)) | O46: =IF(COUNT(G46:K46)<2,"",IF(L46=0,"",(N46-M46)/L46))
A47: S7 | B47: Gesture jank on non-list interactions of Watchlist tab > Bench 20 (chart range, scrub, tab swipe) | C47: % | D47: RISE | E47: OPPO CPH3009 | F47: =A47&"|"&D47&"|"&E47 | G47: 1.91 | H47: 1.2 | I47: 1.62 | J47: 2.02 | K47: 0.56 | L47: =IF(COUNT(G47:K47)=0,"",MEDIAN(G47:K47)) | M47: =IF(COUNT(G47:K47)=0,"",MIN(G47:K47)) | N47: =IF(COUNT(G47:K47)=0,"",MAX(G47:K47)) | O47: =IF(COUNT(G47:K47)<2,"",IF(L47=0,"",(N47-M47)/L47)) | P47: tab switch Bench 20 <-> neighbour list x3 (input tap 0.217 0.324, input tap 0.718 0.324, input tap 0.217 0.324, input ta
A48: S7 | B48: Gesture jank on non-list interactions of Watchlist tab > Bench 20 (chart range, scrub, tab swipe) | C48: % | D48: Kite | E48: OPPO CPH3009 | F48: =A48&"|"&D48&"|"&E48 | L48: =IF(COUNT(G48:K48)=0,"",MEDIAN(G48:K48)) | M48: =IF(COUNT(G48:K48)=0,"",MIN(G48:K48)) | N48: =IF(COUNT(G48:K48)=0,"",MAX(G48:K48)) | O48: =IF(COUNT(G48:K48)<2,"",IF(L48=0,"",(N48-M48)/L48))
A49: S7 | B49: Gesture jank on non-list interactions of Watchlist tab > Bench 20 (chart range, scrub, tab swipe) | C49: % | D49: Groww | E49: OPPO CPH3009 | F49: =A49&"|"&D49&"|"&E49 | G49: 10.27 | H49: 9.63 | I49: 9.04 | J49: 12.43 | K49: 10.22 | L49: =IF(COUNT(G49:K49)=0,"",MEDIAN(G49:K49)) | M49: =IF(COUNT(G49:K49)=0,"",MIN(G49:K49)) | N49: =IF(COUNT(G49:K49)=0,"",MAX(G49:K49)) | O49: =IF(COUNT(G49:K49)<2,"",IF(L49=0,"",(N49-M49)/L49)) | P49: replaces 14.44 (run 4); tab switch Bench 20 <-> neighbour list x3 (input tap 0.234 0.219, input tap 0.855 0.219, input t | tab switch Bench 20 <-> neighbour list x3 (input tap 0.234 0.219, input tap 0.855 0.219, input tap 0.234 0.219, input ta
A50: S7 | B50: Gesture jank on non-list interactions of Watchlist tab > Bench 20 (chart range, scrub, tab swipe) | C50: % | D50: Angel One | E50: OPPO CPH3009 | F50: =A50&"|"&D50&"|"&E50 | G50: 6.54 | H50: 5.71 | I50: 5.75 | J50: 5.81 | K50: 6.82 | L50: =IF(COUNT(G50:K50)=0,"",MEDIAN(G50:K50)) | M50: =IF(COUNT(G50:K50)=0,"",MIN(G50:K50)) | N50: =IF(COUNT(G50:K50)=0,"",MAX(G50:K50)) | O50: =IF(COUNT(G50:K50)<2,"",IF(L50=0,"",(N50-M50)/L50)) | P50: replaces 4.55 (run 5); tab switch Bench 20 <-> neighbour list x3 (input tap 0.339 0.240, input tap 0.593 0.240, input ta | replaces 7.51 (run 1); tab switch Bench 20 <-> neighbour list x3 (input tap 0.339 0.240, input tap 0.593 0.240, input ta | tab
A51: S7 | B51: Gesture jank on non-list interactions of Watchlist tab > Bench 20 (chart range, scrub, tab swipe) | C51: % | D51: INDmoney | E51: OPPO CPH3009 | F51: =A51&"|"&D51&"|"&E51 | G51: 8.71 | H51: 7.37 | I51: 7.61 | J51: 7.51 | K51: 7.98 | L51: =IF(COUNT(G51:K51)=0,"",MEDIAN(G51:K51)) | M51: =IF(COUNT(G51:K51)=0,"",MIN(G51:K51)) | N51: =IF(COUNT(G51:K51)=0,"",MAX(G51:K51)) | O51: =IF(COUNT(G51:K51)<2,"",IF(L51=0,"",(N51-M51)/L51)) | P51: tab switch Bench 20 <-> neighbour list x3 (input tap 0.541 0.261, input tap 0.794 0.261, input tap 0.541 0.261, input ta
A52: S7 | B52: Gesture jank on non-list interactions of Watchlist tab > Bench 20 (chart range, scrub, tab swipe) | C52: % | D52: Kotak Neo | E52: OPPO CPH3009 | F52: =A52&"|"&D52&"|"&E52 | L52: =IF(COUNT(G52:K52)=0,"",MEDIAN(G52:K52)) | M52: =IF(COUNT(G52:K52)=0,"",MIN(G52:K52)) | N52: =IF(COUNT(G52:K52)=0,"",MAX(G52:K52)) | O52: =IF(COUNT(G52:K52)<2,"",IF(L52=0,"",(N52-M52)/L52))
A53: S7 | B53: Gesture jank on non-list interactions of Watchlist tab > Bench 20 (chart range, scrub, tab swipe) | C53: % | D53: SAHI | E53: OPPO CPH3009 | F53: =A53&"|"&D53&"|"&E53 | L53: =IF(COUNT(G53:K53)=0,"",MEDIAN(G53:K53)) | M53: =IF(COUNT(G53:K53)=0,"",MIN(G53:K53)) | N53: =IF(COUNT(G53:K53)=0,"",MAX(G53:K53)) | O53: =IF(COUNT(G53:K53)<2,"",IF(L53=0,"",(N53-M53)/L53))

Sheet 3 Screen Updates
A1: 3 Screen Updates
A2: Live screen updation during market hours (09:15–15:30 IST), idle redraw rate and wasted redraws.
A4: ID | B4: Metric | C4: Unit | D4: App | E4: Device | F4: Lookup key | G4: Run 1 | H4: Run 2 | I4: Run 3 | J4: Run 4 | K4: Run 5 | L4: Median | M4: Min | N4: Max | O4: Variation | P4: Notes
A5: U1 | B5: LTP updates per minute on Watchlist tab > Bench 20 (same symbol, market hours) | C5: /min | D5: RISE | E5: OPPO CPH3009 | F5: =A5&"|"&D5&"|"&E5 | G5: 17 | L5: =IF(COUNT(G5:K5)=0,"",MEDIAN(G5:K5)) | M5: =IF(COUNT(G5:K5)=0,"",MIN(G5:K5)) | N5: =IF(COUNT(G5:K5)=0,"",MAX(G5:K5)) | O5: =IF(COUNT(G5:K5)<2,"",IF(L5=0,"",(N5-M5)/L5)) | P5: RISE blocks screen capture: filmed with the MacBook camera (phone propped, 2 min, 13:38), only the RELIANCE price cut-ou
A6: U1 | B6: LTP updates per minute on Watchlist tab > Bench 20 (same symbol, market hours) | C6: /min | D6: Kite | E6: OPPO CPH3009 | F6: =A6&"|"&D6&"|"&E6 | G6: 31.9 | H6: 38.5 | L6: =IF(COUNT(G6:K6)=0,"",MEDIAN(G6:K6)) | M6: =IF(COUNT(G6:K6)=0,"",MIN(G6:K6)) | N6: =IF(COUNT(G6:K6)=0,"",MAX(G6:K6)) | O6: =IF(COUNT(G6:K6)<2,"",IF(L6=0,"",(N6-M6)/L6)) | P6: RELIANCE LTP on Bench 20, 2-min screenrecord, price box 270x70+790+1585 sampled at 10 fps, 64 changes (debounce 0.3 s) | RELIANCE LTP on Bench 20, 2-min screenrecord, price box 270x70+790+1585 sampled at 10 fps, 77 changes (debounce 0.3 s)
A7: U1 | B7: LTP updates per minute on Watchlist tab > Bench 20 (same symbol, market hours) | C7: /min | D7: Groww | E7: OPPO CPH3009 | F7: =A7&"|"&D7&"|"&E7 | G7: 22 | L7: =IF(COUNT(G7:K7)=0,"",MEDIAN(G7:K7)) | M7: =IF(COUNT(G7:K7)=0,"",MIN(G7:K7)) | N7: =IF(COUNT(G7:K7)=0,"",MAX(G7:K7)) | O7: =IF(COUNT(G7:K7)<2,"",IF(L7=0,"",(N7-M7)/L7)) | P7: RELIANCE LTP on Bench 20, 2-min screenrecord, price box 220x64+820+1048 sampled at 10 fps, 44 changes (debounce 0.3 s)
A8: U1 | B8: LTP updates per minute on Watchlist tab > Bench 20 (same symbol, market hours) | C8: /min | D8: Angel One | E8: OPPO CPH3009 | F8: =A8&"|"&D8&"|"&E8 | G8: 32 | L8: =IF(COUNT(G8:K8)=0,"",MEDIAN(G8:K8)) | M8: =IF(COUNT(G8:K8)=0,"",MIN(G8:K8)) | N8: =IF(COUNT(G8:K8)=0,"",MAX(G8:K8)) | O8: =IF(COUNT(G8:K8)<2,"",IF(L8=0,"",(N8-M8)/L8)) | P8: replaces 18.5 (run 1); RELIANCE LTP on Bench 20, 2-min screenrecord, price box 220x66+830+1428 sampled at 10 fps, 64 cha
A9: U1 | B9: LTP updates per minute on Watchlist tab > Bench 20 (same symbol, market hours) | C9: /min | D9: INDmoney | E9: OPPO CPH3009 | F9: =A9&"|"&D9&"|"&E9 | G9: 42.9 | L9: =IF(COUNT(G9:K9)=0,"",MEDIAN(G9:K9)) | M9: =IF(COUNT(G9:K9)=0,"",MIN(G9:K9)) | N9: =IF(COUNT(G9:K9)=0,"",MAX(G9:K9)) | O9: =IF(COUNT(G9:K9)<2,"",IF(L9=0,"",(N9-M9)/L9)) | P9: RELIANCE LTP on Bench 20, 2-min screenrecord, price box 190x60+850+1906 sampled at 10 fps, 86 changes (debounce 0.3 s)
A10: U1 | B10: LTP updates per minute on Watchlist tab > Bench 20 (same symbol, market hours) | C10: /min | D10: Kotak Neo | E10: OPPO CPH3009 | F10: =A10&"|"&D10&"|"&E10 | G10: 33.5 | L10: =IF(COUNT(G10:K10)=0,"",MEDIAN(G10:K10)) | M10: =IF(COUNT(G10:K10)=0,"",MIN(G10:K10)) | N10: =IF(COUNT(G10:K10)=0,"",MAX(G10:K10)) | O10: =IF(COUNT(G10:K10)<2,"",IF(L10=0,"",(N10-M10)/L10)) | P10: RELIANCE LTP on Bench 20, 2-min screenrecord, price box 180x56+860+1094 sampled at 10 fps, 67 changes (debounce 0.3 s)
A11: U1 | B11: LTP updates per minute on Watchlist tab > Bench 20 (same symbol, market hours) | C11: /min | D11: SAHI | E11: OPPO CPH3009 | F11: =A11&"|"&D11&"|"&E11 | G11: 39.5 | L11: =IF(COUNT(G11:K11)=0,"",MEDIAN(G11:K11)) | M11: =IF(COUNT(G11:K11)=0,"",MIN(G11:K11)) | N11: =IF(COUNT(G11:K11)=0,"",MAX(G11:K11)) | O11: =IF(COUNT(G11:K11)<2,"",IF(L11=0,"",(N11-M11)/L11)) | P11: RELIANCE LTP on Bench 20, 2-min screenrecord, price box 210x60+830+922 sampled at 10 fps, 79 changes (debounce 0.3 s)
A12: U2 | B12: Tick lag vs reference feed | C12: ms | D12: RISE | E12: OPPO CPH3009 | F12: =A12&"|"&D12&"|"&E12 | L12: =IF(COUNT(G12:K12)=0,"",MEDIAN(G12:K12)) | M12: =IF(COUNT(G12:K12)=0,"",MIN(G12:K12)) | N12: =IF(COUNT(G12:K12)=0,"",MAX(G12:K12)) | O12: =IF(COUNT(G12:K12)<2,"",IF(L12=0,"",(N12-M12)/L12))
A13: U2 | B13: Tick lag vs reference feed | C13: ms | D13: Kite | E13: OPPO CPH3009 | F13: =A13&"|"&D13&"|"&E13 | L13: =IF(COUNT(G13:K13)=0,"",MEDIAN(G13:K13)) | M13: =IF(COUNT(G13:K13)=0,"",MIN(G13:K13)) | N13: =IF(COUNT(G13:K13)=0,"",MAX(G13:K13)) | O13: =IF(COUNT(G13:K13)<2,"",IF(L13=0,"",(N13-M13)/L13))
A14: U2 | B14: Tick lag vs reference feed | C14: ms | D14: Groww | E14: OPPO CPH3009 | F14: =A14&"|"&D14&"|"&E14 | L14: =IF(COUNT(G14:K14)=0,"",MEDIAN(G14:K14)) | M14: =IF(COUNT(G14:K14)=0,"",MIN(G14:K14)) | N14: =IF(COUNT(G14:K14)=0,"",MAX(G14:K14)) | O14: =IF(COUNT(G14:K14)<2,"",IF(L14=0,"",(N14-M14)/L14))
A15: U2 | B15: Tick lag vs reference feed | C15: ms | D15: Angel One | E15: OPPO CPH3009 | F15: =A15&"|"&D15&"|"&E15 | L15: =IF(COUNT(G15:K15)=0,"",MEDIAN(G15:K15)) | M15: =IF(COUNT(G15:K15)=0,"",MIN(G15:K15)) | N15: =IF(COUNT(G15:K15)=0,"",MAX(G15:K15)) | O15: =IF(COUNT(G15:K15)<2,"",IF(L15=0,"",(N15-M15)/L15))
A16: U2 | B16: Tick lag vs reference feed | C16: ms | D16: INDmoney | E16: OPPO CPH3009 | F16: =A16&"|"&D16&"|"&E16 | L16: =IF(COUNT(G16:K16)=0,"",MEDIAN(G16:K16)) | M16: =IF(COUNT(G16:K16)=0,"",MIN(G16:K16)) | N16: =IF(COUNT(G16:K16)=0,"",MAX(G16:K16)) | O16: =IF(COUNT(G16:K16)<2,"",IF(L16=0,"",(N16-M16)/L16))
A17: U2 | B17: Tick lag vs reference feed | C17: ms | D17: Kotak Neo | E17: OPPO CPH3009 | F17: =A17&"|"&D17&"|"&E17 | L17: =IF(COUNT(G17:K17)=0,"",MEDIAN(G17:K17)) | M17: =IF(COUNT(G17:K17)=0,"",MIN(G17:K17)) | N17: =IF(COUNT(G17:K17)=0,"",MAX(G17:K17)) | O17: =IF(COUNT(G17:K17)<2,"",IF(L17=0,"",(N17-M17)/L17))
A18: U2 | B18: Tick lag vs reference feed | C18: ms | D18: SAHI | E18: OPPO CPH3009 | F18: =A18&"|"&D18&"|"&E18 | L18: =IF(COUNT(G18:K18)=0,"",MEDIAN(G18:K18)) | M18: =IF(COUNT(G18:K18)=0,"",MIN(G18:K18)) | N18: =IF(COUNT(G18:K18)=0,"",MAX(G18:K18)) | O18: =IF(COUNT(G18:K18)<2,"",IF(L18=0,"",(N18-M18)/L18))
A19: U3 | B19: Live updates resume after 1 min in background | C19: ms | D19: RISE | E19: OPPO CPH3009 | F19: =A19&"|"&D19&"|"&E19 | G19: 1000 | L19: =IF(COUNT(G19:K19)=0,"",MEDIAN(G19:K19)) | M19: =IF(COUNT(G19:K19)=0,"",MIN(G19:K19)) | N19: =IF(COUNT(G19:K19)=0,"",MAX(G19:K19)) | O19: =IF(COUNT(G19:K19)<2,"",IF(L19=0,"",(N19-M19)/L19)) | P19: RISE blocks screen capture: MacBook camera (phone screen area only), 60 s in background then relaunch. RISE reappeared s
A20: U3 | B20: Live updates resume after 1 min in background | C20: ms | D20: Kite | E20: OPPO CPH3009 | F20: =A20&"|"&D20&"|"&E20 | G20: 3400 | L20: =IF(COUNT(G20:K20)=0,"",MEDIAN(G20:K20)) | M20: =IF(COUNT(G20:K20)=0,"",MIN(G20:K20)) | N20: =IF(COUNT(G20:K20)=0,"",MAX(G20:K20)) | O20: =IF(COUNT(G20:K20)<2,"",IF(L20=0,"",(N20-M20)/L20)) | P20: 60 s in background (Home), relaunch; screenrecord at 20 fps, RELIANCE price box 270x70+790+915; app back with price at 0
A21: U3 | B21: Live updates resume after 1 min in background | C21: ms | D21: Groww | E21: OPPO CPH3009 | F21: =A21&"|"&D21&"|"&E21 | G21: 2050 | L21: =IF(COUNT(G21:K21)=0,"",MEDIAN(G21:K21)) | M21: =IF(COUNT(G21:K21)=0,"",MIN(G21:K21)) | N21: =IF(COUNT(G21:K21)=0,"",MAX(G21:K21)) | O21: =IF(COUNT(G21:K21)<2,"",IF(L21=0,"",(N21-M21)/L21)) | P21: 60 s in background (Home), relaunch; screenrecord at 20 fps, RELIANCE price box 220x64+820+1048; app back immediately wi
A22: U3 | B22: Live updates resume after 1 min in background | C22: ms | D22: Angel One | E22: OPPO CPH3009 | F22: =A22&"|"&D22&"|"&E22 | G22: 550 | L22: =IF(COUNT(G22:K22)=0,"",MEDIAN(G22:K22)) | M22: =IF(COUNT(G22:K22)=0,"",MIN(G22:K22)) | N22: =IF(COUNT(G22:K22)=0,"",MAX(G22:K22)) | O22: =IF(COUNT(G22:K22)<2,"",IF(L22=0,"",(N22-M22)/L22)) | P22: 60 s in background (Home), relaunch; screenrecord at 20 fps, RELIANCE price box 220x66+830+1678; app back immediately wi
A23: U3 | B23: Live updates resume after 1 min in background | C23: ms | D23: INDmoney | E23: OPPO CPH3009 | F23: =A23&"|"&D23&"|"&E23 | G23: 800 | L23: =IF(COUNT(G23:K23)=0,"",MEDIAN(G23:K23)) | M23: =IF(COUNT(G23:K23)=0,"",MIN(G23:K23)) | N23: =IF(COUNT(G23:K23)=0,"",MAX(G23:K23)) | O23: =IF(COUNT(G23:K23)<2,"",IF(L23=0,"",(N23-M23)/L23)) | P23: 60 s in background (Home), relaunch; screenrecord at 20 fps, RELIANCE price box 190x60+850+1906; app back immediately wi
A24: U3 | B24: Live updates resume after 1 min in background | C24: ms | D24: Kotak Neo | E24: OPPO CPH3009 | F24: =A24&"|"&D24&"|"&E24 | G24: 2050 | L24: =IF(COUNT(G24:K24)=0,"",MEDIAN(G24:K24)) | M24: =IF(COUNT(G24:K24)=0,"",MIN(G24:K24)) | N24: =IF(COUNT(G24:K24)=0,"",MAX(G24:K24)) | O24: =IF(COUNT(G24:K24)<2,"",IF(L24=0,"",(N24-M24)/L24)) | P24: 60 s in background (Home), relaunch; screenrecord at 20 fps, RELIANCE price box 180x56+860+1730; app back with price at
A25: U3 | B25: Live updates resume after 1 min in background | C25: ms | D25: SAHI | E25: OPPO CPH3009 | F25: =A25&"|"&D25&"|"&E25 | G25: 1250 | L25: =IF(COUNT(G25:K25)=0,"",MEDIAN(G25:K25)) | M25: =IF(COUNT(G25:K25)=0,"",MIN(G25:K25)) | N25: =IF(COUNT(G25:K25)=0,"",MAX(G25:K25)) | O25: =IF(COUNT(G25:K25)<2,"",IF(L25=0,"",(N25-M25)/L25)) | P25: 60 s in background (Home), relaunch; screenrecord at 20 fps, RELIANCE price box 210x60+830+922; app back immediately sho
A26: U4 | B26: Idle redraw rate on Watchlist tab > Bench 20 (frames per second, 60 s, no input) | C26: fps | D26: RISE | E26: OPPO CPH3009 | F26: =A26&"|"&D26&"|"&E26 | G26: 39.1 | H26: 41.7 | I26: 39.6 | L26: =IF(COUNT(G26:K26)=0,"",MEDIAN(G26:K26)) | M26: =IF(COUNT(G26:K26)=0,"",MIN(G26:K26)) | N26: =IF(COUNT(G26:K26)=0,"",MAX(G26:K26)) | O26: =IF(COUNT(G26:K26)<2,"",IF(L26=0,"",(N26-M26)/L26)) | P26: 2425 frames in 60 s, jank 3.22% | 2455 frames in 60 s, jank 1.3% | 2588 frames in 60 s, jank 1.0%
A27: U4 | B27: Idle redraw rate on Watchlist tab > Bench 20 (frames per second, 60 s, no input) | C27: fps | D27: Kite | E27: OPPO CPH3009 | F27: =A27&"|"&D27&"|"&E27 | L27: =IF(COUNT(G27:K27)=0,"",MEDIAN(G27:K27)) | M27: =IF(COUNT(G27:K27)=0,"",MIN(G27:K27)) | N27: =IF(COUNT(G27:K27)=0,"",MAX(G27:K27)) | O27: =IF(COUNT(G27:K27)<2,"",IF(L27=0,"",(N27-M27)/L27)) | P27: no frames from the app while idle
A28: U4 | B28: Idle redraw rate on Watchlist tab > Bench 20 (frames per second, 60 s, no input) | C28: fps | D28: Groww | E28: OPPO CPH3009 | F28: =A28&"|"&D28&"|"&E28 | G28: 90.2 | H28: 90.2 | I28: 90.2 | L28: =IF(COUNT(G28:K28)=0,"",MEDIAN(G28:K28)) | M28: =IF(COUNT(G28:K28)=0,"",MIN(G28:K28)) | N28: =IF(COUNT(G28:K28)=0,"",MAX(G28:K28)) | O28: =IF(COUNT(G28:K28)<2,"",IF(L28=0,"",(N28-M28)/L28)) | P28: 5590 frames in 60 s, jank 0.05% | 5591 frames in 60 s, jank 0.04% | 5592 frames in 60 s, jank 0.0%
A29: U4 | B29: Idle redraw rate on Watchlist tab > Bench 20 (frames per second, 60 s, no input) | C29: fps | D29: Angel One | E29: OPPO CPH3009 | F29: =A29&"|"&D29&"|"&E29 | G29: 34 | H29: 32.6 | I29: 33.4 | L29: =IF(COUNT(G29:K29)=0,"",MEDIAN(G29:K29)) | M29: =IF(COUNT(G29:K29)=0,"",MIN(G29:K29)) | N29: =IF(COUNT(G29:K29)=0,"",MAX(G29:K29)) | O29: =IF(COUNT(G29:K29)<2,"",IF(L29=0,"",(N29-M29)/L29)) | P29: 2021 frames in 60 s, jank 7.32% | 2068 frames in 60 s, jank 6.67% | 2108 frames in 60 s, jank 8.44%
A30: U4 | B30: Idle redraw rate on Watchlist tab > Bench 20 (frames per second, 60 s, no input) | C30: fps | D30: INDmoney | E30: OPPO CPH3009 | F30: =A30&"|"&D30&"|"&E30 | G30: 6.4 | H30: 4.3 | I30: 5.5 | L30: =IF(COUNT(G30:K30)=0,"",MEDIAN(G30:K30)) | M30: =IF(COUNT(G30:K30)=0,"",MIN(G30:K30)) | N30: =IF(COUNT(G30:K30)=0,"",MAX(G30:K30)) | O30: =IF(COUNT(G30:K30)<2,"",IF(L30=0,"",(N30-M30)/L30)) | P30: 264 frames in 60 s, jank 65.53% | 343 frames in 60 s, jank 74.93% | 399 frames in 60 s, jank 84.21%
A31: U4 | B31: Idle redraw rate on Watchlist tab > Bench 20 (frames per second, 60 s, no input) | C31: fps | D31: Kotak Neo | E31: OPPO CPH3009 | F31: =A31&"|"&D31&"|"&E31 | L31: =IF(COUNT(G31:K31)=0,"",MEDIAN(G31:K31)) | M31: =IF(COUNT(G31:K31)=0,"",MIN(G31:K31)) | N31: =IF(COUNT(G31:K31)=0,"",MAX(G31:K31)) | O31: =IF(COUNT(G31:K31)<2,"",IF(L31=0,"",(N31-M31)/L31)) | P31: no frames from the app while idle
A32: U4 | B32: Idle redraw rate on Watchlist tab > Bench 20 (frames per second, 60 s, no input) | C32: fps | D32: SAHI | E32: OPPO CPH3009 | F32: =A32&"|"&D32&"|"&E32 | L32: =IF(COUNT(G32:K32)=0,"",MEDIAN(G32:K32)) | M32: =IF(COUNT(G32:K32)=0,"",MIN(G32:K32)) | N32: =IF(COUNT(G32:K32)=0,"",MAX(G32:K32)) | O32: =IF(COUNT(G32:K32)<2,"",IF(L32=0,"",(N32-M32)/L32)) | P32: no frames from the app while idle
A33: U5 | B33: Wasted redraws on Watchlist tab > Bench 20: idle frames identical to the previous frame | C33: % | D33: RISE | E33: OPPO CPH3009 | F33: =A33&"|"&D33&"|"&E33 | G33: 63.7 | H33: 49.5 | I33: 48.5 | L33: =IF(COUNT(G33:K33)=0,"",MEDIAN(G33:K33)) | M33: =IF(COUNT(G33:K33)=0,"",MIN(G33:K33)) | N33: =IF(COUNT(G33:K33)=0,"",MAX(G33:K33)) | O33: =IF(COUNT(G33:K33)<2,"",IF(L33=0,"",(N33-M33)/L33)) | P33: 2524 frames, 1301 kept by mpdecimate | 2639 frames, 1334 kept by mpdecimate | 2956 frames, 1072 kept by mpdecimate
A34: U5 | B34: Wasted redraws on Watchlist tab > Bench 20: idle frames identical to the previous frame | C34: % | D34: Kite | E34: OPPO CPH3009 | F34: =A34&"|"&D34&"|"&E34 | G34: 1.8 | H34: 0.4 | I34: 1.6 | L34: =IF(COUNT(G34:K34)=0,"",MEDIAN(G34:K34)) | M34: =IF(COUNT(G34:K34)=0,"",MIN(G34:K34)) | N34: =IF(COUNT(G34:K34)=0,"",MAX(G34:K34)) | O34: =IF(COUNT(G34:K34)<2,"",IF(L34=0,"",(N34-M34)/L34)) | P34: 243 frames, 242 kept by mpdecimate | 245 frames, 241 kept by mpdecimate | 273 frames, 268 kept by mpdecimate
A35: U5 | B35: Wasted redraws on Watchlist tab > Bench 20: idle frames identical to the previous frame | C35: % | D35: Groww | E35: OPPO CPH3009 | F35: =A35&"|"&D35&"|"&E35 | G35: 92.4 | H35: 92.6 | I35: 93.2 | L35: =IF(COUNT(G35:K35)=0,"",MEDIAN(G35:K35)) | M35: =IF(COUNT(G35:K35)=0,"",MIN(G35:K35)) | N35: =IF(COUNT(G35:K35)=0,"",MAX(G35:K35)) | O35: =IF(COUNT(G35:K35)<2,"",IF(L35=0,"",(N35-M35)/L35)) | P35: 5402 frames, 399 kept by mpdecimate | 5408 frames, 411 kept by mpdecimate | 5411 frames, 369 kept by mpdecimate
A36: U5 | B36: Wasted redraws on Watchlist tab > Bench 20: idle frames identical to the previous frame | C36: % | D36: Angel One | E36: OPPO CPH3009 | F36: =A36&"|"&D36&"|"&E36 | G36: 29.3 | H36: 28.9 | I36: 28.7 | L36: =IF(COUNT(G36:K36)=0,"",MEDIAN(G36:K36)) | M36: =IF(COUNT(G36:K36)=0,"",MIN(G36:K36)) | N36: =IF(COUNT(G36:K36)=0,"",MAX(G36:K36)) | O36: =IF(COUNT(G36:K36)<2,"",IF(L36=0,"",(N36-M36)/L36)) | P36: 1933 frames, 1378 kept by mpdecimate | 1987 frames, 1404 kept by mpdecimate | 2031 frames, 1444 kept by mpdecimate
A37: U5 | B37: Wasted redraws on Watchlist tab > Bench 20: idle frames identical to the previous frame | C37: % | D37: INDmoney | E37: OPPO CPH3009 | F37: =A37&"|"&D37&"|"&E37 | G37: 54.1 | H37: 56.9 | I37: 62.4 | L37: =IF(COUNT(G37:K37)=0,"",MEDIAN(G37:K37)) | M37: =IF(COUNT(G37:K37)=0,"",MIN(G37:K37)) | N37: =IF(COUNT(G37:K37)=0,"",MAX(G37:K37)) | O37: =IF(COUNT(G37:K37)<2,"",IF(L37=0,"",(N37-M37)/L37)) | P37: 283 frames, 122 kept by mpdecimate | 311 frames, 117 kept by mpdecimate | 410 frames, 188 kept by mpdecimate
A38: U5 | B38: Wasted redraws on Watchlist tab > Bench 20: idle frames identical to the previous frame | C38: % | D38: Kotak Neo | E38: OPPO CPH3009 | F38: =A38&"|"&D38&"|"&E38 | G38: 24.7 | H38: 25.7 | I38: 23.9 | L38: =IF(COUNT(G38:K38)=0,"",MEDIAN(G38:K38)) | M38: =IF(COUNT(G38:K38)=0,"",MIN(G38:K38)) | N38: =IF(COUNT(G38:K38)=0,"",MAX(G38:K38)) | O38: =IF(COUNT(G38:K38)<2,"",IF(L38=0,"",(N38-M38)/L38)) | P38: 479 frames, 356 kept by mpdecimate | 536 frames, 408 kept by mpdecimate | 784 frames, 590 kept by mpdecimate
A39: U5 | B39: Wasted redraws on Watchlist tab > Bench 20: idle frames identical to the previous frame | C39: % | D39: SAHI | E39: OPPO CPH3009 | F39: =A39&"|"&D39&"|"&E39 | G39: 92.9 | H39: 93.3 | I39: 78 | L39: =IF(COUNT(G39:K39)=0,"",MEDIAN(G39:K39)) | M39: =IF(COUNT(G39:K39)=0,"",MIN(G39:K39)) | N39: =IF(COUNT(G39:K39)=0,"",MAX(G39:K39)) | O39: =IF(COUNT(G39:K39)<2,"",IF(L39=0,"",(N39-M39)/L39)) | P39: 3629 frames, 243 kept by mpdecimate | 3629 frames, 258 kept by mpdecimate | 3925 frames, 865 kept by mpdecimate

Sheet 4 Offline
A1: 4 Offline
A2: Caching behaviour in offline mode on Watchlist tab > Bench 20. Yes / Partial / No / N/A per item, from record.py; the score is a formula.
A4: ID | B4: Scenario | C4: RISE | D4: Kite | E4: Groww | F4: Angel One | G4: INDmoney | H4: Kotak Neo | I4: SAHI
A5: OF1 | B5: Cold launch in airplane mode → Watchlist tab shows cached data | C5: No | D5: No | E5: No | F5: Yes | G5: No | H5: No | I5: No
A6: OF2 | B6: Cached data shows a 'last updated' time or stale indicator | C6: No | D6: No | E6: No | F6: No | G6: No | H6: No | I6: No
A7: OF3 | B7: Network lost while on Watchlist tab → data stays visible (no blank screen or crash) | C7: Yes | D7: Yes | E7: Yes | F7: Yes | G7: Yes | H7: No | I7: No
A8: OF4 | B8: Clear offline message or banner shown | C8: No | D8: No | E8: Yes | F8: No | G8: Yes | H8: Yes | I8: Yes
A9: OF5 | B9: Auto-refresh on reconnect (no manual pull needed) | C9: Yes | D9: Yes | E9: Yes | F9: Yes | G9: Yes | H9: Yes | I9: Yes
A10: OF6 | B10: No forced re-login or PIN after reconnect | C10: Yes | D10: Yes | E10: Yes | F10: Yes | G10: Yes | H10: Yes | I10: Yes
A11: OF7 | B11: stock quote page opens offline from cache | C11: No | D11: No | E11: No | F11: Partial | G11: No | H11: No | I11: No
A12: OF8 | B12: Cached values are clearly not presented as live prices | C12: No | D12: No | E12: Partial | F12: No | G12: Partial | H12: Yes | I12: Yes
A13: OF9 | B13: No crash or ANR during offline ↔ online transitions | C13: Yes | D13: Yes | E13: Yes | F13: Yes | G13: Yes | H13: Yes | I13: Yes
B14: Offline caching score (Yes=2, Partial=1, No=0; N/A excluded) | C14: =IF(COUNTIF(C5:C13,"Yes")+COUNTIF(C5:C13,"Partial")+COUNTIF(C5:C13,"No")=0,"",(2*COUNTIF(C5:C13,"Yes")+COUNTIF(C5:C13,"Partial"))/(2*(COUNTIF(C5:C13,"Yes")+COUNTIF(C5:C13,"Partial")+COUNTIF(C5:C13,"No")))) | D14: =IF(COUNTIF(D5:D13,"Yes")+COUNTIF(D5:D13,"Partial")+COUNTIF(D5:D13,"No")=0,"",(2*COUNTIF(D5:D13,"Yes")+COUNTIF(D5:D13,"Partial"))/(2*(COUNTIF(D5:D13,"Yes")+COUNTIF(D5:D13,"Partial")+COUNTIF(D5:D13,"No")))) | E14: =IF(COUNTIF(E5:E13,"Yes")+COUNTIF(E5:E13,"Partial")+COUNTIF(E5:E13,"No")=0,"",(2*COUNTIF(E5:E13,"Yes")+COUNTIF(E5:E13,"Partial"))/(2*(COUNTIF(E5:E13,"Yes")+COUNTIF(E5:E13,"Partial")+COUNTIF(E5:E13,"No")))) | F14: =IF(COUNTIF(F5:F13,"Yes")+COUNTIF(F5:F13,"Partial")+COUNTIF(F5:F13,"No")=0,"",(2*COUNTIF(F5:F13,"Yes")+COUNTIF(F5:F13,"Partial"))/(2*(COUNTIF(F5:F13,"Yes")+COUNTIF(F5:F13,"Partial")+COUNTIF(F5:F13,"No")))) | G14: =IF(COUNTIF(G5:G13,"Yes")+COUNTIF(G5:G13,"Partial")+COUNTIF(G5:G13,"No")=0,"",(2*COUNTIF(G5:G13,"Yes")+COUNTIF(G5:G13,"Partial"))/(2*(COUNTIF(G5:G13,"Yes")+COUNTIF(G5:G13,"Partial")+COUNTIF(G5:G13,"No")))) | H14: =IF(COUNTIF(H5:H13,"Yes")+COUNTIF(H5:H13,"Partial")+COUNTIF(H5:H13,"No")=0,"",(2*COUNTIF(H5:H13,"Yes")+COUNTIF(H5:H13,"Partial"))/(2*(COUNTIF(H5:H13,"Yes")+COUNTIF(H5:H13,"Partial")+COUNTIF(H5:H13,"No")))) | I14: =IF(COUNTIF(I5:I13,"Yes")+COUNTIF(I5:I13,"Partial")+COUNTIF(I5:I13,"No")=0,"",(2*COUNTIF(I5:I13,"Yes")+COUNTIF(I5:I13,"Partial"))/(2*(COUNTIF(I5:I13,"Yes")+COUNTIF(I5:I13,"Partial")+COUNTIF(I5:I13,"No"))))
A16: Observations (notes recorded with each item)
A17: ID | B17: Scenario | C17: RISE | D17: Kite | E17: Groww | F17: Angel One | G17: INDmoney | H17: Kotak Neo | I17: SAHI
A18: OF1 | B18: =B5 | C18: Offline cold start opens the mPIN login screen ('Lets Get Started - Please enter your mPIN') with 'Oops, something went wrong! Please try again later.'; no cached watchlist; stays on mPIN until the ne | D18: Offline cold launch stops at Kite's own login screen (Login with biometric); watchlist not reachable without network. automated airplane-mode script on the phone, screenshots in ~/.riise-benchmark/art | E18: Offline cold launch shows 'Oops! Something went wrong.' (TwoFactorActivity); no cached list. automated airplane-mode script on the phone, screenshots in ~/.riise-benchmark/artifacts/watchlist/o1/ | F18: Offline cold start (after PIN/biometric) shows Bench 20 with cached prices and changes (ULTRACEMCO 10,887, TITAN 4,230.10 ...); no stale marker. offline cold start + navigation script (14:09-14:10), s | G18: Offline cold start: Watchlist tab blank behind 'Error: Unable to connect with the server' dialog; no cached list (an earlier offline start landed on the Stocks tab with cached index values). The dialo | H18: Offline cold start: full-screen 'No internet connection found / Retry'; no cached list. automated airplane-mode script (market hours 13:58-14:01), screenshots in ~/.riise-benchmark/artifacts/watchlist | I18: Offline cold start stays on the SAHI logo splash screen for the whole offline period (two runs); no cached list. automated airplane-mode scripts (market hours 14:03-14:07), screenshots in ~/.riise-ben
A19: OF2 | B19: =B6 | C19: No timestamp or stale marker while offline. airplane-mode script (14:49-14:52) with RISE's screen text (UI tree) and a MacBook-camera video of the phone screen (screenshots blocked by FLAG_SECURE); fi | D19: No timestamp or stale marker while offline. automated airplane-mode script on the phone, screenshots in ~/.riise-benchmark/artifacts/watchlist/o1/ | E19: No timestamp or stale marker. automated airplane-mode script on the phone, screenshots in ~/.riise-benchmark/artifacts/watchlist/o1/ | F19: No timestamp or stale marker while offline. automated airplane-mode script on the phone (pre-open session, prices moving), screenshots in ~/.riise-benchmark/artifacts/watchlist/o1/angel | G19: No timestamp or stale marker on prices; only a 'No internet connection!' bar. automated airplane-mode script on the phone (market hours 13:50-13:53), screenshots in ~/.riise-benchmark/artifacts/watchl | H19: No cached data shown offline, so no timestamp. automated airplane-mode script (market hours 13:58-14:01), screenshots in ~/.riise-benchmark/artifacts/watchlist/o1/kotak | I19: No cached data shown offline. automated airplane-mode scripts (market hours 14:03-14:07), screenshots in ~/.riise-benchmark/artifacts/watchlist/o1/sahi and sahi-c
A20: OF3 | B20: =B7 | C20: Prices stayed visible for 30 s offline (ASIANPAINT 2,283.40 throughout). airplane-mode script (14:49-14:52) with RISE's screen text (UI tree) and a MacBook-camera video of the phone screen (screenshot | D20: Prices stayed visible for 30 s offline. automated airplane-mode script on the phone, screenshots in ~/.riise-benchmark/artifacts/watchlist/o1/ | E20: Prices stayed visible for 30 s offline. automated airplane-mode script on the phone, screenshots in ~/.riise-benchmark/artifacts/watchlist/o1/ | F20: Prices stayed visible for 30 s offline. automated airplane-mode script on the phone (pre-open session, prices moving), screenshots in ~/.riise-benchmark/artifacts/watchlist/o1/angel | G20: Prices stayed visible for 30 s offline. automated airplane-mode script on the phone (market hours 13:50-13:53), screenshots in ~/.riise-benchmark/artifacts/watchlist/o1/indmoney | H20: Prices visible for ~3 s, then the watchlist is replaced by a full-screen 'No internet connection found / Retry' page. automated airplane-mode script (market hours 13:58-14:01), screenshots in ~/.riise | I20: Within 3 s the watchlist is replaced by a full-screen 'No internet connection' page. automated airplane-mode scripts (market hours 14:03-14:07), screenshots in ~/.riise-benchmark/artifacts/watchlist/o
A21: OF4 | B21: =B8 | C21: No offline message in the screen text or on camera; only the system airplane icon. airplane-mode script (14:49-14:52) with RISE's screen text (UI tree) and a MacBook-camera video of the phone screen ( | D21: No in-app message; only the system airplane icon. automated airplane-mode script on the phone, screenshots in ~/.riise-benchmark/artifacts/watchlist/o1/ | E21: Banner 'Low internet. Check your internet connection.' while offline. automated airplane-mode script on the phone, screenshots in ~/.riise-benchmark/artifacts/watchlist/o1/ | F21: No in-app message; only the system airplane icon. automated airplane-mode script on the phone (pre-open session, prices moving), screenshots in ~/.riise-benchmark/artifacts/watchlist/o1/angel | G21: Red 'No internet connection!' bar at the bottom while offline. automated airplane-mode script on the phone (market hours 13:50-13:53), screenshots in ~/.riise-benchmark/artifacts/watchlist/o1/indmoney | H21: Full-screen 'No internet connection found' with Retry. automated airplane-mode script (market hours 13:58-14:01), screenshots in ~/.riise-benchmark/artifacts/watchlist/o1/kotak | I21: Full-screen 'No internet connection - Please check your connection and try again'. automated airplane-mode scripts (market hours 14:03-14:07), screenshots in ~/.riise-benchmark/artifacts/watchlist/o1/
A22: OF5 | B22: =B9 | C22: Prices updated by themselves ~7 s after reconnect (ASIANPAINT 2,283.40 -> 2,283.70 -> 2,283.20). airplane-mode script (14:49-14:52) with RISE's screen text (UI tree) and a MacBook-camera video of the | D22: Prices updated by themselves within ~4-8 s of reconnect (NTPC 295.20 -> 295.30 -> 295.35). automated airplane-mode cycle on the phone during market hours (13:43-13:45), screenshots in ~/.riise-benchma | E22: Prices updated by themselves within a few s of reconnect (Reliance 1,184.90 -> 1,185.90 -> 1,186.00). automated airplane-mode cycle on the phone during market hours (13:43-13:45), screenshots in ~/.ri | F22: Within 5 s of reconnect prices updated by themselves (e.g. ULTRACEMCO 10,958 -> 11,002). automated airplane-mode script on the phone (pre-open session, prices moving), screenshots in ~/.riise-benchmar | G22: Prices updated by themselves within seconds (UltraTech 10,931 -> 10,925 -> 10,924). automated airplane-mode script on the phone (market hours 13:50-13:53), screenshots in ~/.riise-benchmark/artifacts/ | H22: Watchlist returned with fresh prices within ~5 s of reconnect, without tapping Retry. automated airplane-mode script (market hours 13:58-14:01), screenshots in ~/.riise-benchmark/artifacts/watchlist/o | I22: Watchlist returned with fresh prices within ~5 s of reconnect (UltraTech 10,947 -> 10,950). automated airplane-mode scripts (market hours 14:03-14:07), screenshots in ~/.riise-benchmark/artifacts/watc
A23: OF6 | B23: =B10 | C23: Network drop and return while open: no PIN or login asked (an offline cold start does require mPIN - see item 1). airplane-mode script (14:49-14:52) with RISE's screen text (UI tree) and a MacBook-cam | D23: Network drop and return while open: no PIN or login asked. automated airplane-mode script on the phone, screenshots in ~/.riise-benchmark/artifacts/watchlist/o1/ | E23: Network drop and return while open: no PIN or login asked. automated airplane-mode script on the phone, screenshots in ~/.riise-benchmark/artifacts/watchlist/o1/ | F23: Network drop and return while open: no PIN or login asked. automated airplane-mode script on the phone (pre-open session, prices moving), screenshots in ~/.riise-benchmark/artifacts/watchlist/o1/angel | G23: No PIN or login asked after reconnect. automated airplane-mode script on the phone (market hours 13:50-13:53), screenshots in ~/.riise-benchmark/artifacts/watchlist/o1/indmoney | H23: No PIN or login asked. automated airplane-mode script (market hours 13:58-14:01), screenshots in ~/.riise-benchmark/artifacts/watchlist/o1/kotak | I23: No PIN or login asked. automated airplane-mode scripts (market hours 14:03-14:07), screenshots in ~/.riise-benchmark/artifacts/watchlist/o1/sahi and sahi-c
A24: OF7 | B24: =B11 | C24: Not reachable offline (mPIN login screen on an offline start). airplane-mode script (14:49-14:52) with RISE's screen text (UI tree) and a MacBook-camera video of the phone screen (screenshots blocked | D24: Not reachable offline (app stops at its login screen on an offline start). automated airplane-mode script on the phone, screenshots in ~/.riise-benchmark/artifacts/watchlist/o1/ | E24: Not reachable offline (error screen on offline start). After reconnect the error stayed until 'TRY AGAIN' is tapped. automated airplane-mode script on the phone, screenshots in ~/.riise-benchmark/arti | F24: Offline, the stock sheet opens with the cached price, but OHLC and depth stay on a loading spinner; they load after reconnect. offline cold start + navigation script (14:09-14:10), screenshots in ~/.r | G24: Not reachable offline: the server-error dialog blocks the watchlist. offline cold start + navigation script (13:55-13:56), screenshots in ~/.riise-benchmark/artifacts/watchlist/o1/indmoney-c | H24: Not reachable offline (no-internet page on an offline start). automated airplane-mode script (market hours 13:58-14:01), screenshots in ~/.riise-benchmark/artifacts/watchlist/o1/kotak | I24: Not reachable offline (app stays on its splash screen). automated airplane-mode scripts (market hours 14:03-14:07), screenshots in ~/.riise-benchmark/artifacts/watchlist/o1/sahi and sahi-c
A25: OF8 | B25: =B12 | C25: Offline prices look identical to live ones; no marker. airplane-mode script (14:49-14:52) with RISE's screen text (UI tree) and a MacBook-camera video of the phone screen (screenshots blocked by FLAG_ | D25: Offline prices look identical to live ones. automated airplane-mode script on the phone, screenshots in ~/.riise-benchmark/artifacts/watchlist/o1/ | E25: Prices not greyed or marked, but the Low internet banner warns. automated airplane-mode script on the phone, screenshots in ~/.riise-benchmark/artifacts/watchlist/o1/ | F25: Offline prices look identical to live ones. automated airplane-mode script on the phone (pre-open session, prices moving), screenshots in ~/.riise-benchmark/artifacts/watchlist/o1/angel | G25: Prices not greyed or marked, but the No internet bar warns. automated airplane-mode script on the phone (market hours 13:50-13:53), screenshots in ~/.riise-benchmark/artifacts/watchlist/o1/indmoney | H25: Kotak hides prices when offline instead of showing stale ones, so stale data is never presented as live. automated airplane-mode script (market hours 13:58-14:01), screenshots in ~/.riise-benchmark/ar | I25: SAHI hides prices when offline, so stale data is never presented as live. automated airplane-mode scripts (market hours 14:03-14:07), screenshots in ~/.riise-benchmark/artifacts/watchlist/o1/sahi and
A26: OF9 | B26: =B13 | C26: No crash or ANR; the offline start shows a generic error on the login screen. airplane-mode script (14:49-14:52) with RISE's screen text (UI tree) and a MacBook-camera video of the phone screen (scree | D26: No crash or ANR in either part. automated airplane-mode script on the phone, screenshots in ~/.riise-benchmark/artifacts/watchlist/o1/ | E26: No crash or ANR. automated airplane-mode script on the phone, screenshots in ~/.riise-benchmark/artifacts/watchlist/o1/ | F26: No crash or ANR. automated airplane-mode script on the phone (pre-open session, prices moving), screenshots in ~/.riise-benchmark/artifacts/watchlist/o1/angel | G26: No crash or ANR. automated airplane-mode script on the phone (market hours 13:50-13:53), screenshots in ~/.riise-benchmark/artifacts/watchlist/o1/indmoney | H26: No crash or ANR. automated airplane-mode script (market hours 13:58-14:01), screenshots in ~/.riise-benchmark/artifacts/watchlist/o1/kotak | I26: No crash or ANR (offline start waits on the splash screen). automated airplane-mode scripts (market hours 14:03-14:07), screenshots in ~/.riise-benchmark/artifacts/watchlist/o1/sahi and sahi-c

Sheet 5 Data Pointers
A1: 5 Data Pointers
A2: Which data points and features each app offers on Watchlist tab > Bench 20. Yes / Partial / No / N/A per item, from record.py.
A4: ID | B4: Group | C4: Data pointer / feature | D4: RISE | E4: Kite | F4: Groww | G4: Angel One | H4: INDmoney | I4: Kotak Neo | J4: SAHI
A5: DP1 | B5: Watchlist | C5: Live LTP and change | D5: Yes | E5: Yes | F5: Yes | G5: Yes | H5: Yes | I5: Yes | J5: Yes
A6: DP2 | B6: Watchlist | C6: Sparkline / mini chart | D6: No | E6: No | F6: Yes | G6: No | H6: No | I6: No | J6: Yes
A7: DP3 | B7: Watchlist | C7: Market depth from watchlist | D7: Partial | E7: Yes | F7: Partial | G7: Yes | H7: Partial | I7: Partial | J7: No
A8: DP4 | B8: Watchlist | C8: Multiple watchlists | D8: Yes | E8: Yes | F8: Yes | G8: Yes | H8: Yes | I8: Yes | J8: Yes
A9: DP5 | B9: Watchlist | C9: Sort / reorder | D9: Yes | E9: Yes | F9: Yes | G9: Yes | H9: Yes | I9: Yes | J9: Yes
A10: DP6 | B10: Watchlist | C10: Add from search | D10: Yes | E10: Yes | F10: Yes | G10: Yes | H10: Yes | I10: Yes | J10: Yes
A11: DP7 | B11: Watchlist | C11: Alerts from watchlist | D11: Partial | E11: Yes | F11: Yes | G11: Partial | H11: Partial | I11: Yes | J11: Partial
A12: DP8 | B12: Watchlist | C12: Quick buy / sell | D12: Partial | E12: Yes | F12: Yes | G12: Yes | H12: Partial | I12: Yes | J12: Partial
A13: DP9 | B13: Watchlist | C13: Dark mode | D13: Yes | E13: Yes | F13: Yes | G13: Yes | H13: Yes | I13: Yes | J13: Yes
C14: Coverage (Yes=1, Partial=0.5, No=0; N/A excluded) | D14: =IF(COUNTIF(D5:D13,"Yes")+COUNTIF(D5:D13,"Partial")+COUNTIF(D5:D13,"No")=0,"",(COUNTIF(D5:D13,"Yes")+0.5*COUNTIF(D5:D13,"Partial"))/(COUNTIF(D5:D13,"Yes")+COUNTIF(D5:D13,"Partial")+COUNTIF(D5:D13,"No"))) | E14: =IF(COUNTIF(E5:E13,"Yes")+COUNTIF(E5:E13,"Partial")+COUNTIF(E5:E13,"No")=0,"",(COUNTIF(E5:E13,"Yes")+0.5*COUNTIF(E5:E13,"Partial"))/(COUNTIF(E5:E13,"Yes")+COUNTIF(E5:E13,"Partial")+COUNTIF(E5:E13,"No"))) | F14: =IF(COUNTIF(F5:F13,"Yes")+COUNTIF(F5:F13,"Partial")+COUNTIF(F5:F13,"No")=0,"",(COUNTIF(F5:F13,"Yes")+0.5*COUNTIF(F5:F13,"Partial"))/(COUNTIF(F5:F13,"Yes")+COUNTIF(F5:F13,"Partial")+COUNTIF(F5:F13,"No"))) | G14: =IF(COUNTIF(G5:G13,"Yes")+COUNTIF(G5:G13,"Partial")+COUNTIF(G5:G13,"No")=0,"",(COUNTIF(G5:G13,"Yes")+0.5*COUNTIF(G5:G13,"Partial"))/(COUNTIF(G5:G13,"Yes")+COUNTIF(G5:G13,"Partial")+COUNTIF(G5:G13,"No"))) | H14: =IF(COUNTIF(H5:H13,"Yes")+COUNTIF(H5:H13,"Partial")+COUNTIF(H5:H13,"No")=0,"",(COUNTIF(H5:H13,"Yes")+0.5*COUNTIF(H5:H13,"Partial"))/(COUNTIF(H5:H13,"Yes")+COUNTIF(H5:H13,"Partial")+COUNTIF(H5:H13,"No"))) | I14: =IF(COUNTIF(I5:I13,"Yes")+COUNTIF(I5:I13,"Partial")+COUNTIF(I5:I13,"No")=0,"",(COUNTIF(I5:I13,"Yes")+0.5*COUNTIF(I5:I13,"Partial"))/(COUNTIF(I5:I13,"Yes")+COUNTIF(I5:I13,"Partial")+COUNTIF(I5:I13,"No"))) | J14: =IF(COUNTIF(J5:J13,"Yes")+COUNTIF(J5:J13,"Partial")+COUNTIF(J5:J13,"No")=0,"",(COUNTIF(J5:J13,"Yes")+0.5*COUNTIF(J5:J13,"Partial"))/(COUNTIF(J5:J13,"Yes")+COUNTIF(J5:J13,"Partial")+COUNTIF(J5:J13,"No")))

Sheet 6 SDKs
A1: 6 SDKs
A2: External SDK footprint. Counts from Exodus Privacy, PCAPdroid and bench.py (X4); SDK names from Exodus and LibChecker.
A4: App | B4: Trackers (Exodus) | C4: Permissions (Exodus) | D4: Third-party domains on screen (PCAPdroid) | E4: Start-up lock contention (X4) | F4: Total domains on screen (PCAPdroid) | G4: Analytics SDKs | H4: Attribution / marketing SDKs | I4: Crash / APM SDKs | J4: Other notable SDKs (LibChecker) | K4: Exodus report URL | L4: Date checked
A5: RISE | B5: 5 | C5: 34 | D5: 9 | E5: 0
A6: Kite | B6: 2 | C6: 14 | D6: 2 | E6: 0
A7: Groww | B7: 6 | C7: 50 | D7: 3 | E7: 0
A8: Angel One | B8: 8 | C8: 38 | D8: 5 | E8: 0
A9: INDmoney | B9: 7 | C9: 35 | D9: 4 | E9: 0
A10: Kotak Neo | B10: 5 | C10: 34 | D10: 4 | E10: 0
A11: SAHI | B11: 6 | C11: 26 | D11: 1 | E11: 0

Sheet 7 RAM & Storage
A1: 7 RAM & Storage
A2: RAM (Total PSS) with the Java/native/code/graphics split in Notes, the leak check, and storage. Storage rows need Run 1 only.
A4: ID | B4: Metric | C4: Unit | D4: App | E4: Device | F4: Lookup key | G4: Run 1 | H4: Run 2 | I4: Run 3 | J4: Run 4 | K4: Run 5 | L4: Median | M4: Min | N4: Max | O4: Variation | P4: Notes
A5: R1 | B5: RAM (Total PSS) after cold start | C5: MB | D5: RISE | E5: OPPO CPH3009 | F5: =A5&"|"&D5&"|"&E5 | G5: 444.6 | H5: 432.9 | I5: 427.8 | J5: 437.6 | K5: 425.7 | L5: =IF(COUNT(G5:K5)=0,"",MEDIAN(G5:K5)) | M5: =IF(COUNT(G5:K5)=0,"",MIN(G5:K5)) | N5: =IF(COUNT(G5:K5)=0,"",MAX(G5:K5)) | O5: =IF(COUNT(G5:K5)<2,"",IF(L5=0,"",(N5-M5)/L5)) | P5: java=106.9;native=84.1;code=113.2;gfx=0.0;webviews=1 | java=115.7;native=73.6;code=115.2;gfx=0.0;webviews=1 | java=118.0;native=55.2;code=117.5;gfx=0.0;webviews=1 | java=121.4;native=105.1;code=115.3;gfx=0.0;webviews=1 | java=99.9;native=106.6;code=1
A6: R1 | B6: RAM (Total PSS) after cold start | C6: MB | D6: Kite | E6: OPPO CPH3009 | F6: =A6&"|"&D6&"|"&E6 | G6: 212.6 | H6: 207.7 | I6: 213.9 | J6: 210.9 | K6: 211.1 | L6: =IF(COUNT(G6:K6)=0,"",MEDIAN(G6:K6)) | M6: =IF(COUNT(G6:K6)=0,"",MIN(G6:K6)) | N6: =IF(COUNT(G6:K6)=0,"",MAX(G6:K6)) | O6: =IF(COUNT(G6:K6)<2,"",IF(L6=0,"",(N6-M6)/L6)) | P6: java=8.9;native=58.6;code=32.7;gfx=0.0;webviews=0 | java=8.9;native=59.0;code=32.1;gfx=0.0;webviews=0 | java=8.9;native=59.2;code=32.1;gfx=0.0;webviews=0 | java=8.9;native=59.4;code=31.5;gfx=0.0;webviews=0 | java=9.4;native=59.0;code=31.2;gfx=0.0;web
A7: R1 | B7: RAM (Total PSS) after cold start | C7: MB | D7: Groww | E7: OPPO CPH3009 | F7: =A7&"|"&D7&"|"&E7 | G7: 239.7 | H7: 247.8 | I7: 248.7 | J7: 247.8 | K7: 244.1 | L7: =IF(COUNT(G7:K7)=0,"",MEDIAN(G7:K7)) | M7: =IF(COUNT(G7:K7)=0,"",MIN(G7:K7)) | N7: =IF(COUNT(G7:K7)=0,"",MAX(G7:K7)) | O7: =IF(COUNT(G7:K7)<2,"",IF(L7=0,"",(N7-M7)/L7)) | P7: java=37.9;native=78.6;code=94.8;gfx=0.0;webviews=0 | java=38.8;native=79.0;code=101.9;gfx=0.0;webviews=0 | java=39.2;native=78.8;code=102.0;gfx=0.0;webviews=0 | java=40.3;native=78.6;code=101.6;gfx=0.0;webviews=0 | java=41.5;native=78.0;code=97.6;gfx
A8: R1 | B8: RAM (Total PSS) after cold start | C8: MB | D8: Angel One | E8: OPPO CPH3009 | F8: =A8&"|"&D8&"|"&E8 | G8: 344.4 | H8: 340.1 | I8: 395.6 | J8: 339.6 | K8: 373.8 | L8: =IF(COUNT(G8:K8)=0,"",MEDIAN(G8:K8)) | M8: =IF(COUNT(G8:K8)=0,"",MIN(G8:K8)) | N8: =IF(COUNT(G8:K8)=0,"",MAX(G8:K8)) | O8: =IF(COUNT(G8:K8)<2,"",IF(L8=0,"",(N8-M8)/L8)) | P8: java=124.2;native=54.6;code=103.3;gfx=0.0;webviews=1 | java=132.3;native=37.6;code=97.7;gfx=0.0;webviews=1 | java=135.8;native=52.2;code=99.7;gfx=0.0;webviews=1 | java=145.8;native=56.8;code=113.0;gfx=0.0;webviews=1 | java=163.0;native=59.6;code=112.
A9: R1 | B9: RAM (Total PSS) after cold start | C9: MB | D9: INDmoney | E9: OPPO CPH3009 | F9: =A9&"|"&D9&"|"&E9 | G9: 240.3 | H9: 265.5 | I9: 264.8 | J9: 266.9 | K9: 280.9 | L9: =IF(COUNT(G9:K9)=0,"",MEDIAN(G9:K9)) | M9: =IF(COUNT(G9:K9)=0,"",MIN(G9:K9)) | N9: =IF(COUNT(G9:K9)=0,"",MAX(G9:K9)) | O9: =IF(COUNT(G9:K9)<2,"",IF(L9=0,"",(N9-M9)/L9)) | P9: java=56.8;native=51.7;code=81.1;gfx=0.0;webviews=0 | java=79.2;native=65.1;code=86.7;gfx=0.0;webviews=0 | java=80.4;native=63.8;code=87.0;gfx=0.0;webviews=0 | java=81.4;native=63.6;code=86.7;gfx=0.0;webviews=0 | java=94.9;native=64.0;code=86.5;gfx=0.
A10: R1 | B10: RAM (Total PSS) after cold start | C10: MB | D10: Kotak Neo | E10: OPPO CPH3009 | F10: =A10&"|"&D10&"|"&E10 | G10: 260.3 | H10: 254.8 | I10: 256.1 | J10: 251.4 | K10: 252.9 | L10: =IF(COUNT(G10:K10)=0,"",MEDIAN(G10:K10)) | M10: =IF(COUNT(G10:K10)=0,"",MIN(G10:K10)) | N10: =IF(COUNT(G10:K10)=0,"",MAX(G10:K10)) | O10: =IF(COUNT(G10:K10)<2,"",IF(L10=0,"",(N10-M10)/L10)) | P10: java=12.5;native=60.2;code=103.6;gfx=0.0;webviews=0 | java=13.3;native=62.6;code=102.9;gfx=0.0;webviews=0 | java=13.7;native=62.1;code=106.0;gfx=0.0;webviews=0 | java=14.1;native=62.9;code=106.1;gfx=0.0;webviews=0 | java=14.7;native=64.3;code=105.0;g
A11: R1 | B11: RAM (Total PSS) after cold start | C11: MB | D11: SAHI | E11: OPPO CPH3009 | F11: =A11&"|"&D11&"|"&E11 | G11: 356 | H11: 308.4 | I11: 359.5 | J11: 303.3 | K11: 303.1 | L11: =IF(COUNT(G11:K11)=0,"",MEDIAN(G11:K11)) | M11: =IF(COUNT(G11:K11)=0,"",MIN(G11:K11)) | N11: =IF(COUNT(G11:K11)=0,"",MAX(G11:K11)) | O11: =IF(COUNT(G11:K11)<2,"",IF(L11=0,"",(N11-M11)/L11)) | P11: java=39.3;native=88.8;code=106.8;gfx=0.0;webviews=0 | java=39.4;native=86.8;code=107.3;gfx=0.0;webviews=0 | java=7.6;native=85.7;code=91.8;gfx=0.0;webviews=0 | java=7.6;native=85.9;code=91.6;gfx=0.0;webviews=0 | java=7.6;native=86.8;code=92.2;gfx=0.0
A12: R2 | B12: RAM (Total PSS) on Watchlist tab > Bench 20 | C12: MB | D12: RISE | E12: OPPO CPH3009 | F12: =A12&"|"&D12&"|"&E12 | G12: 340.9 | H12: 433.3 | I12: 443.1 | J12: 354.5 | K12: 361.2 | L12: =IF(COUNT(G12:K12)=0,"",MEDIAN(G12:K12)) | M12: =IF(COUNT(G12:K12)=0,"",MIN(G12:K12)) | N12: =IF(COUNT(G12:K12)=0,"",MAX(G12:K12)) | O12: =IF(COUNT(G12:K12)<2,"",IF(L12=0,"",(N12-M12)/L12)) | P12: java=102.1;native=73.8;code=122.1;gfx=0.0;webviews=1 | java=24.7;native=62.7;code=102.9;gfx=0.0;webviews=1 | java=24.8;native=78.8;code=116.3;gfx=0.0;webviews=1 | java=27.8;native=78.8;code=115.4;gfx=0.0;webviews=1 | java=94.1;native=64.9;code=116.9;
A13: R2 | B13: RAM (Total PSS) on Watchlist tab > Bench 20 | C13: MB | D13: Kite | E13: OPPO CPH3009 | F13: =A13&"|"&D13&"|"&E13 | G13: 210.1 | H13: 218.1 | I13: 218.3 | J13: 222.4 | K13: 213.2 | L13: =IF(COUNT(G13:K13)=0,"",MEDIAN(G13:K13)) | M13: =IF(COUNT(G13:K13)=0,"",MIN(G13:K13)) | N13: =IF(COUNT(G13:K13)=0,"",MAX(G13:K13)) | O13: =IF(COUNT(G13:K13)<2,"",IF(L13=0,"",(N13-M13)/L13)) | P13: java=3.8;native=57.8;code=37.3;gfx=0.0;webviews=0 | java=8.9;native=59.4;code=38.9;gfx=0.0;webviews=0 | java=8.9;native=59.7;code=34.0;gfx=0.0;webviews=0 | java=8.9;native=60.5;code=34.8;gfx=0.0;webviews=0 | java=8.9;native=61.3;code=30.6;gfx=0.0;web
A14: R2 | B14: RAM (Total PSS) on Watchlist tab > Bench 20 | C14: MB | D14: Groww | E14: OPPO CPH3009 | F14: =A14&"|"&D14&"|"&E14 | G14: 288 | H14: 285.3 | I14: 277.1 | J14: 271.5 | K14: 264.1 | L14: =IF(COUNT(G14:K14)=0,"",MEDIAN(G14:K14)) | M14: =IF(COUNT(G14:K14)=0,"",MIN(G14:K14)) | N14: =IF(COUNT(G14:K14)=0,"",MAX(G14:K14)) | O14: =IF(COUNT(G14:K14)<2,"",IF(L14=0,"",(N14-M14)/L14)) | P14: java=28.2;native=113.6;code=92.1;gfx=0.0;webviews=0 | java=33.2;native=115.7;code=96.6;gfx=0.0;webviews=0 | java=37.0;native=109.8;code=89.5;gfx=0.0;webviews=0 | java=42.4;native=103.6;code=94.1;gfx=0.0;webviews=0 | java=43.3;native=120.5;code=89.9;g
A15: R2 | B15: RAM (Total PSS) on Watchlist tab > Bench 20 | C15: MB | D15: Angel One | E15: OPPO CPH3009 | F15: =A15&"|"&D15&"|"&E15 | G15: 265.1 | H15: 238.2 | I15: 258.6 | J15: 245.6 | K15: 286.7 | L15: =IF(COUNT(G15:K15)=0,"",MEDIAN(G15:K15)) | M15: =IF(COUNT(G15:K15)=0,"",MIN(G15:K15)) | N15: =IF(COUNT(G15:K15)=0,"",MAX(G15:K15)) | O15: =IF(COUNT(G15:K15)<2,"",IF(L15=0,"",(N15-M15)/L15)) | P15: java=36.1;native=43.5;code=91.0;gfx=0.0;webviews=1 | java=37.6;native=20.8;code=101.4;gfx=0.0;webviews=1 | java=42.8;native=41.1;code=99.5;gfx=0.0;webviews=1 | java=44.6;native=43.7;code=125.0;gfx=0.0;webviews=1 | java=48.8;native=25.8;code=94.4;gfx=
A16: R2 | B16: RAM (Total PSS) on Watchlist tab > Bench 20 | C16: MB | D16: INDmoney | E16: OPPO CPH3009 | F16: =A16&"|"&D16&"|"&E16 | G16: 355.2 | H16: 354 | I16: 331.1 | J16: 325.2 | K16: 348.4 | L16: =IF(COUNT(G16:K16)=0,"",MEDIAN(G16:K16)) | M16: =IF(COUNT(G16:K16)=0,"",MIN(G16:K16)) | N16: =IF(COUNT(G16:K16)=0,"",MAX(G16:K16)) | O16: =IF(COUNT(G16:K16)<2,"",IF(L16=0,"",(N16-M16)/L16)) | P16: java=104.7;native=60.4;code=85.2;gfx=0.0;webviews=1 | java=79.4;native=88.5;code=97.1;gfx=0.0;webviews=1 | java=80.1;native=80.7;code=81.8;gfx=0.0;webviews=1 | java=85.2;native=79.5;code=81.1;gfx=0.0;webviews=1 | java=96.4;native=70.7;code=91.8;gfx=0
... A18: R2 | B18: RAM (Total PSS) on Watchlist tab > Bench 20 | C18: MB | D18: SAHI | E18: OPPO CPH3009 | F18: =A18&"|"&D18&"|"&E18 | G18: 306.8 | H18: 300.5 | I18: 344.6 | J18: 299 | K18: 298.1 | L18: =IF(COUNT(G18:K18)=0,"",MEDIAN(G18:K18)) | M18: =IF(COUNT(G18:K18)=0,"",MIN(G18:K18)) | N18: =IF(COUNT(G18:K18)=0,"",MAX(G18:K18)) | O18: =IF(COUNT(G18:K18)<2,"",IF(L18=0,"",(N18-M18)/L18)) | P18: java=39.7;native=95.1;code=90.4;gfx=0.0;webviews=0 | java=7.7;native=92.4;code=80.9;gfx=0.0;webviews=0 | java=7.7;native=93.2;code=81.7;gfx=0.0;webviews=0 | java=7.7;native=95.3;code=81.3;gfx=0.0;webviews=0 | java=7.8;native=93.6;code=82.0;gfx=0.0;we
A19: R3 | B19: RAM (Total PSS) after 5 min on Watchlist tab > Bench 20 | C19: MB | D19: RISE | E19: OPPO CPH3009 | F19: =A19&"|"&D19&"|"&E19 | G19: 380.5 | L19: =IF(COUNT(G19:K19)=0,"",MEDIAN(G19:K19)) | M19: =IF(COUNT(G19:K19)=0,"",MIN(G19:K19)) | N19: =IF(COUNT(G19:K19)=0,"",MAX(G19:K19)) | O19: =IF(COUNT(G19:K19)<2,"",IF(L19=0,"",(N19-M19)/L19)) | P19: java=44.6;native=30.8;code=63.2;gfx=0.0;webviews=1
A20: R3 | B20: RAM (Total PSS) after 5 min on Watchlist tab > Bench 20 | C20: MB | D20: Kite | E20: OPPO CPH3009 | F20: =A20&"|"&D20&"|"&E20 | G20: 206.3 | L20: =IF(COUNT(G20:K20)=0,"",MEDIAN(G20:K20)) | M20: =IF(COUNT(G20:K20)=0,"",MIN(G20:K20)) | N20: =IF(COUNT(G20:K20)=0,"",MAX(G20:K20)) | O20: =IF(COUNT(G20:K20)<2,"",IF(L20=0,"",(N20-M20)/L20)) | P20: java=6.4;native=22.1;code=33.8;gfx=0.0;webviews=0
A21: R3 | B21: RAM (Total PSS) after 5 min on Watchlist tab > Bench 20 | C21: MB | D21: Groww | E21: OPPO CPH3009 | F21: =A21&"|"&D21&"|"&E21 | G21: 260.9 | L21: =IF(COUNT(G21:K21)=0,"",MEDIAN(G21:K21)) | M21: =IF(COUNT(G21:K21)=0,"",MIN(G21:K21)) | N21: =IF(COUNT(G21:K21)=0,"",MAX(G21:K21)) | O21: =IF(COUNT(G21:K21)<2,"",IF(L21=0,"",(N21-M21)/L21)) | P21: java=31.6;native=74.9;code=94.4;gfx=0.0;webviews=0
A22: R3 | B22: RAM (Total PSS) after 5 min on Watchlist tab > Bench 20 | C22: MB | D22: Angel One | E22: OPPO CPH3009 | F22: =A22&"|"&D22&"|"&E22 | G22: 244.1 | L22: =IF(COUNT(G22:K22)=0,"",MEDIAN(G22:K22)) | M22: =IF(COUNT(G22:K22)=0,"",MIN(G22:K22)) | N22: =IF(COUNT(G22:K22)=0,"",MAX(G22:K22)) | O22: =IF(COUNT(G22:K22)<2,"",IF(L22=0,"",(N22-M22)/L22)) | P22: java=37.2;native=27.3;code=98.6;gfx=0.0;webviews=1
A23: R3 | B23: RAM (Total PSS) after 5 min on Watchlist tab > Bench 20 | C23: MB | D23: INDmoney | E23: OPPO CPH3009 | F23: =A23&"|"&D23&"|"&E23 | G23: 324.3 | L23: =IF(COUNT(G23:K23)=0,"",MEDIAN(G23:K23)) | M23: =IF(COUNT(G23:K23)=0,"",MIN(G23:K23)) | N23: =IF(COUNT(G23:K23)=0,"",MAX(G23:K23)) | O23: =IF(COUNT(G23:K23)<2,"",IF(L23=0,"",(N23-M23)/L23)) | P23: java=76.6;native=31.9;code=82.6;gfx=0.0;webviews=1
A24: R3 | B24: RAM (Total PSS) after 5 min on Watchlist tab > Bench 20 | C24: MB | D24: Kotak Neo | E24: OPPO CPH3009 | F24: =A24&"|"&D24&"|"&E24 | G24: 245.1 | L24: =IF(COUNT(G24:K24)=0,"",MEDIAN(G24:K24)) | M24: =IF(COUNT(G24:K24)=0,"",MIN(G24:K24)) | N24: =IF(COUNT(G24:K24)=0,"",MAX(G24:K24)) | O24: =IF(COUNT(G24:K24)<2,"",IF(L24=0,"",(N24-M24)/L24)) | P24: java=13.5;native=33.5;code=81.2;gfx=0.0;webviews=0
